dataset,case_id,n_tokens,n_sentences,n_violations,n_judge_confirmed,n_generated,n_rerouted,n_despecified,trace_jsonl
ctrate,train_7250_f_1,128,8,0,0,0,0,0,/data/ProveTok_ACM/outputs/5k_ablation/A1_trained_spatial/cases/ctrate/train_7250_f_1/trace.jsonl
ctrate,train_17575_a_1,128,8,0,0,0,0,0,/data/ProveTok_ACM/outputs/5k_ablation/A1_trained_spatial/cases/ctrate/train_17575_a_1/trace.jsonl
ctrate,train_3724_a_1,128,8,2,0,0,0,0,/data/ProveTok_ACM/outputs/5k_ablation/A1_trained_spatial/cases/ctrate/train_3724_a_1/trace.jsonl
ctrate,train_19625_b_1,128,8,0,0,0,0,0,/data/ProveTok_ACM/outputs/5k_ablation/A1_trained_spatial/cases/ctrate/train_19625_b_1/trace.jsonl
ctrate,train_4506_a_2,128,8,1,0,0,0,0,/data/ProveTok_ACM/outputs/5k_ablation/A1_trained_spatial/cases/ctrate/train_4506_a_2/trace.jsonl
ctrate,train_13931_a_2,128,8,1,0,0,0,0,/data/ProveTok_ACM/outputs/5k_ablation/A1_trained_spatial/cases/ctrate/train_13931_a_2/trace.jsonl
ctrate,train_17651_a_2,128,8,0,0,0,0,0,/data/ProveTok_ACM/outputs/5k_ablation/A1_trained_spatial/cases/ctrate/train_17651_a_2/trace.jsonl
ctrate,valid_470_a_1,128,8,0,0,0,0,0,/data/ProveTok_ACM/outputs/5k_ablation/A1_trained_spatial/cases/ctrate/valid_470_a_1/trace.jsonl
ctrate,train_6233_a_1,128,8,0,0,0,0,0,/data/ProveTok_ACM/outputs/5k_ablation/A1_trained_spatial/cases/ctrate/train_6233_a_1/trace.jsonl
ctrate,train_1347_a_1,128,8,1,0,0,0,0,/data/ProveTok_ACM/outputs/5k_ablation/A1_trained_spatial/cases/ctrate/train_1347_a_1/trace.jsonl
ctrate,train_1087_a_1,128,8,1,0,0,0,0,/data/ProveTok_ACM/outputs/5k_ablation/A1_trained_spatial/cases/ctrate/train_1087_a_1/trace.jsonl
ctrate,train_17186_a_2,128,8,2,0,0,0,0,/data/ProveTok_ACM/outputs/5k_ablation/A1_trained_spatial/cases/ctrate/train_17186_a_2/trace.jsonl
ctrate,train_1777_a_1,128,8,1,0,0,0,0,/data/ProveTok_ACM/outputs/5k_ablation/A1_trained_spatial/cases/ctrate/train_1777_a_1/trace.jsonl
ctrate,train_1272_a_1,128,8,1,0,0,0,0,/data/ProveTok_ACM/outputs/5k_ablation/A1_trained_spatial/cases/ctrate/train_1272_a_1/trace.jsonl
ctrate,train_8498_a_2,128,8,1,0,0,0,0,/data/ProveTok_ACM/outputs/5k_ablation/A1_trained_spatial/cases/ctrate/train_8498_a_2/trace.jsonl
ctrate,train_3374_a_2,128,8,1,0,0,0,0,/data/ProveTok_ACM/outputs/5k_ablation/A1_trained_spatial/cases/ctrate/train_3374_a_2/trace.jsonl
ctrate,train_4106_a_1,128,8,1,0,0,0,0,/data/ProveTok_ACM/outputs/5k_ablation/A1_trained_spatial/cases/ctrate/train_4106_a_1/trace.jsonl
ctrate,train_624_a_1,128,8,1,0,0,0,0,/data/ProveTok_ACM/outputs/5k_ablation/A1_trained_spatial/cases/ctrate/train_624_a_1/trace.jsonl
ctrate,train_16642_a_2,128,8,0,0,0,0,0,/data/ProveTok_ACM/outputs/5k_ablation/A1_trained_spatial/cases/ctrate/train_16642_a_2/trace.jsonl
ctrate,train_8138_b_2,128,8,0,0,0,0,0,/data/ProveTok_ACM/outputs/5k_ablation/A1_trained_spatial/cases/ctrate/train_8138_b_2/trace.jsonl
ctrate,train_16172_a_2,128,8,1,0,0,0,0,/data/ProveTok_ACM/outputs/5k_ablation/A1_trained_spatial/cases/ctrate/train_16172_a_2/trace.jsonl
ctrate,train_13131_a_1,128,8,0,0,0,0,0,/data/ProveTok_ACM/outputs/5k_ablation/A1_trained_spatial/cases/ctrate/train_13131_a_1/trace.jsonl
ctrate,train_14614_a_1,128,8,0,0,0,0,0,/data/ProveTok_ACM/outputs/5k_ablation/A1_trained_spatial/cases/ctrate/train_14614_a_1/trace.jsonl
ctrate,train_7986_a_1,128,8,2,0,0,0,0,/data/ProveTok_ACM/outputs/5k_ablation/A1_trained_spatial/cases/ctrate/train_7986_a_1/trace.jsonl
ctrate,train_17425_a_1,128,8,0,0,0,0,0,/data/ProveTok_ACM/outputs/5k_ablation/A1_trained_spatial/cases/ctrate/train_17425_a_1/trace.jsonl
ctrate,train_8030_b_2,128,8,0,0,0,0,0,/data/ProveTok_ACM/outputs/5k_ablation/A1_trained_spatial/cases/ctrate/train_8030_b_2/trace.jsonl
ctrate,train_16505_a_1,128,8,0,0,0,0,0,/data/ProveTok_ACM/outputs/5k_ablation/A1_trained_spatial/cases/ctrate/train_16505_a_1/trace.jsonl
ctrate,train_17005_a_2,128,8,1,0,0,0,0,/data/ProveTok_ACM/outputs/5k_ablation/A1_trained_spatial/cases/ctrate/train_17005_a_2/trace.jsonl
ctrate,train_19909_a_1,128,8,0,0,0,0,0,/data/ProveTok_ACM/outputs/5k_ablation/A1_trained_spatial/cases/ctrate/train_19909_a_1/trace.jsonl
ctrate,train_6022_a_2,128,8,0,0,0,0,0,/data/ProveTok_ACM/outputs/5k_ablation/A1_trained_spatial/cases/ctrate/train_6022_a_2/trace.jsonl
ctrate,train_2494_a_1,128,8,1,0,0,0,0,/data/ProveTok_ACM/outputs/5k_ablation/A1_trained_spatial/cases/ctrate/train_2494_a_1/trace.jsonl
ctrate,train_7608_a_1,128,8,1,0,0,0,0,/data/ProveTok_ACM/outputs/5k_ablation/A1_trained_spatial/cases/ctrate/train_7608_a_1/trace.jsonl
ctrate,train_19227_a_1,128,8,1,0,0,0,0,/data/ProveTok_ACM/outputs/5k_ablation/A1_trained_spatial/cases/ctrate/train_19227_a_1/trace.jsonl
ctrate,train_7425_a_1,128,8,0,0,0,0,0,/data/ProveTok_ACM/outputs/5k_ablation/A1_trained_spatial/cases/ctrate/train_7425_a_1/trace.jsonl
ctrate,train_2691_a_2,128,8,1,0,0,0,0,/data/ProveTok_ACM/outputs/5k_ablation/A1_trained_spatial/cases/ctrate/train_2691_a_2/trace.jsonl
ctrate,train_17202_a_1,128,8,1,0,0,0,0,/data/ProveTok_ACM/outputs/5k_ablation/A1_trained_spatial/cases/ctrate/train_17202_a_1/trace.jsonl
ctrate,train_2753_a_2,128,8,1,0,0,0,0,/data/ProveTok_ACM/outputs/5k_ablation/A1_trained_spatial/cases/ctrate/train_2753_a_2/trace.jsonl
ctrate,train_18242_a_2,128,8,0,0,0,0,0,/data/ProveTok_ACM/outputs/5k_ablation/A1_trained_spatial/cases/ctrate/train_18242_a_2/trace.jsonl
ctrate,train_13255_a_2,128,8,1,0,0,0,0,/data/ProveTok_ACM/outputs/5k_ablation/A1_trained_spatial/cases/ctrate/train_13255_a_2/trace.jsonl
ctrate,train_13718_h_1,128,3,0,0,0,0,0,/data/ProveTok_ACM/outputs/5k_ablation/A1_trained_spatial/cases/ctrate/train_13718_h_1/trace.jsonl
ctrate,train_4199_a_2,128,8,0,0,0,0,0,/data/ProveTok_ACM/outputs/5k_ablation/A1_trained_spatial/cases/ctrate/train_4199_a_2/trace.jsonl
ctrate,train_1589_a_1,128,8,0,0,0,0,0,/data/ProveTok_ACM/outputs/5k_ablation/A1_trained_spatial/cases/ctrate/train_1589_a_1/trace.jsonl
ctrate,train_4381_a_1,128,8,0,0,0,0,0,/data/ProveTok_ACM/outputs/5k_ablation/A1_trained_spatial/cases/ctrate/train_4381_a_1/trace.jsonl
ctrate,train_13904_a_1,128,8,1,0,0,0,0,/data/ProveTok_ACM/outputs/5k_ablation/A1_trained_spatial/cases/ctrate/train_13904_a_1/trace.jsonl
ctrate,train_5200_a_3,128,8,1,0,0,0,0,/data/ProveTok_ACM/outputs/5k_ablation/A1_trained_spatial/cases/ctrate/train_5200_a_3/trace.jsonl
ctrate,train_19219_a_1,128,8,1,0,0,0,0,/data/ProveTok_ACM/outputs/5k_ablation/A1_trained_spatial/cases/ctrate/train_19219_a_1/trace.jsonl
ctrate,train_3184_a_1,128,8,0,0,0,0,0,/data/ProveTok_ACM/outputs/5k_ablation/A1_trained_spatial/cases/ctrate/train_3184_a_1/trace.jsonl
ctrate,train_16764_a_2,128,8,1,0,0,0,0,/data/ProveTok_ACM/outputs/5k_ablation/A1_trained_spatial/cases/ctrate/train_16764_a_2/trace.jsonl
ctrate,train_19045_a_2,128,8,0,0,0,0,0,/data/ProveTok_ACM/outputs/5k_ablation/A1_trained_spatial/cases/ctrate/train_19045_a_2/trace.jsonl
ctrate,train_2915_b_1,128,8,0,0,0,0,0,/data/ProveTok_ACM/outputs/5k_ablation/A1_trained_spatial/cases/ctrate/train_2915_b_1/trace.jsonl
ctrate,train_7004_a_2,128,8,1,0,0,0,0,/data/ProveTok_ACM/outputs/5k_ablation/A1_trained_spatial/cases/ctrate/train_7004_a_2/trace.jsonl
ctrate,train_8320_c_1,128,8,1,0,0,0,0,/data/ProveTok_ACM/outputs/5k_ablation/A1_trained_spatial/cases/ctrate/train_8320_c_1/trace.jsonl
ctrate,train_18240_a_2,128,8,0,0,0,0,0,/data/ProveTok_ACM/outputs/5k_ablation/A1_trained_spatial/cases/ctrate/train_18240_a_2/trace.jsonl
ctrate,train_16751_a_1,128,8,0,0,0,0,0,/data/ProveTok_ACM/outputs/5k_ablation/A1_trained_spatial/cases/ctrate/train_16751_a_1/trace.jsonl
ctrate,train_17737_a_2,128,8,1,0,0,0,0,/data/ProveTok_ACM/outputs/5k_ablation/A1_trained_spatial/cases/ctrate/train_17737_a_2/trace.jsonl
ctrate,train_1653_a_1,128,8,1,0,0,0,0,/data/ProveTok_ACM/outputs/5k_ablation/A1_trained_spatial/cases/ctrate/train_1653_a_1/trace.jsonl
ctrate,train_6106_a_1,128,8,0,0,0,0,0,/data/ProveTok_ACM/outputs/5k_ablation/A1_trained_spatial/cases/ctrate/train_6106_a_1/trace.jsonl
ctrate,train_14275_a_1,128,8,0,0,0,0,0,/data/ProveTok_ACM/outputs/5k_ablation/A1_trained_spatial/cases/ctrate/train_14275_a_1/trace.jsonl
ctrate,train_5461_a_1,128,8,0,0,0,0,0,/data/ProveTok_ACM/outputs/5k_ablation/A1_trained_spatial/cases/ctrate/train_5461_a_1/trace.jsonl
ctrate,train_19746_a_2,128,8,0,0,0,0,0,/data/ProveTok_ACM/outputs/5k_ablation/A1_trained_spatial/cases/ctrate/train_19746_a_2/trace.jsonl
ctrate,train_17270_a_1,128,8,0,0,0,0,0,/data/ProveTok_ACM/outputs/5k_ablation/A1_trained_spatial/cases/ctrate/train_17270_a_1/trace.jsonl
ctrate,train_11318_a_2,128,8,0,0,0,0,0,/data/ProveTok_ACM/outputs/5k_ablation/A1_trained_spatial/cases/ctrate/train_11318_a_2/trace.jsonl
ctrate,train_10402_a_2,128,8,0,0,0,0,0,/data/ProveTok_ACM/outputs/5k_ablation/A1_trained_spatial/cases/ctrate/train_10402_a_2/trace.jsonl
ctrate,train_9209_a_1,128,8,0,0,0,0,0,/data/ProveTok_ACM/outputs/5k_ablation/A1_trained_spatial/cases/ctrate/train_9209_a_1/trace.jsonl
ctrate,train_788_a_5,128,8,1,0,0,0,0,/data/ProveTok_ACM/outputs/5k_ablation/A1_trained_spatial/cases/ctrate/train_788_a_5/trace.jsonl
ctrate,train_13860_a_1,128,8,0,0,0,0,0,/data/ProveTok_ACM/outputs/5k_ablation/A1_trained_spatial/cases/ctrate/train_13860_a_1/trace.jsonl
ctrate,train_4426_a_1,128,8,0,0,0,0,0,/data/ProveTok_ACM/outputs/5k_ablation/A1_trained_spatial/cases/ctrate/train_4426_a_1/trace.jsonl
ctrate,train_17085_a_1,128,8,0,0,0,0,0,/data/ProveTok_ACM/outputs/5k_ablation/A1_trained_spatial/cases/ctrate/train_17085_a_1/trace.jsonl
ctrate,train_15345_b_1,128,8,0,0,0,0,0,/data/ProveTok_ACM/outputs/5k_ablation/A1_trained_spatial/cases/ctrate/train_15345_b_1/trace.jsonl
ctrate,train_15792_a_2,128,8,0,0,0,0,0,/data/ProveTok_ACM/outputs/5k_ablation/A1_trained_spatial/cases/ctrate/train_15792_a_2/trace.jsonl
ctrate,train_11301_a_1,128,8,0,0,0,0,0,/data/ProveTok_ACM/outputs/5k_ablation/A1_trained_spatial/cases/ctrate/train_11301_a_1/trace.jsonl
ctrate,train_3124_a_2,128,8,0,0,0,0,0,/data/ProveTok_ACM/outputs/5k_ablation/A1_trained_spatial/cases/ctrate/train_3124_a_2/trace.jsonl
ctrate,train_2209_a_2,128,8,1,0,0,0,0,/data/ProveTok_ACM/outputs/5k_ablation/A1_trained_spatial/cases/ctrate/train_2209_a_2/trace.jsonl
ctrate,train_14241_a_2,128,8,1,0,0,0,0,/data/ProveTok_ACM/outputs/5k_ablation/A1_trained_spatial/cases/ctrate/train_14241_a_2/trace.jsonl
ctrate,train_16291_a_2,128,8,0,0,0,0,0,/data/ProveTok_ACM/outputs/5k_ablation/A1_trained_spatial/cases/ctrate/train_16291_a_2/trace.jsonl
ctrate,train_10326_a_2,128,8,0,0,0,0,0,/data/ProveTok_ACM/outputs/5k_ablation/A1_trained_spatial/cases/ctrate/train_10326_a_2/trace.jsonl
ctrate,train_2713_a_1,128,8,1,0,0,0,0,/data/ProveTok_ACM/outputs/5k_ablation/A1_trained_spatial/cases/ctrate/train_2713_a_1/trace.jsonl
ctrate,train_6390_a_1,128,8,1,0,0,0,0,/data/ProveTok_ACM/outputs/5k_ablation/A1_trained_spatial/cases/ctrate/train_6390_a_1/trace.jsonl
ctrate,train_6766_a_1,128,8,2,0,0,0,0,/data/ProveTok_ACM/outputs/5k_ablation/A1_trained_spatial/cases/ctrate/train_6766_a_1/trace.jsonl
ctrate,train_6901_a_1,128,8,1,0,0,0,0,/data/ProveTok_ACM/outputs/5k_ablation/A1_trained_spatial/cases/ctrate/train_6901_a_1/trace.jsonl
ctrate,train_3291_a_2,128,8,0,0,0,0,0,/data/ProveTok_ACM/outputs/5k_ablation/A1_trained_spatial/cases/ctrate/train_3291_a_2/trace.jsonl
ctrate,train_19217_a_1,128,8,0,0,0,0,0,/data/ProveTok_ACM/outputs/5k_ablation/A1_trained_spatial/cases/ctrate/train_19217_a_1/trace.jsonl
ctrate,train_17291_b_2,128,8,1,0,0,0,0,/data/ProveTok_ACM/outputs/5k_ablation/A1_trained_spatial/cases/ctrate/train_17291_b_2/trace.jsonl
ctrate,train_7935_a_2,128,8,0,0,0,0,0,/data/ProveTok_ACM/outputs/5k_ablation/A1_trained_spatial/cases/ctrate/train_7935_a_2/trace.jsonl
ctrate,train_1279_a_2,128,8,1,0,0,0,0,/data/ProveTok_ACM/outputs/5k_ablation/A1_trained_spatial/cases/ctrate/train_1279_a_2/trace.jsonl
ctrate,train_17272_a_2,128,8,0,0,0,0,0,/data/ProveTok_ACM/outputs/5k_ablation/A1_trained_spatial/cases/ctrate/train_17272_a_2/trace.jsonl
ctrate,train_1102_a_1,128,8,0,0,0,0,0,/data/ProveTok_ACM/outputs/5k_ablation/A1_trained_spatial/cases/ctrate/train_1102_a_1/trace.jsonl
ctrate,train_1384_f_1,128,8,1,0,0,0,0,/data/ProveTok_ACM/outputs/5k_ablation/A1_trained_spatial/cases/ctrate/train_1384_f_1/trace.jsonl
ctrate,train_14670_a_1,128,8,0,0,0,0,0,/data/ProveTok_ACM/outputs/5k_ablation/A1_trained_spatial/cases/ctrate/train_14670_a_1/trace.jsonl
ctrate,train_18160_a_2,128,8,0,0,0,0,0,/data/ProveTok_ACM/outputs/5k_ablation/A1_trained_spatial/cases/ctrate/train_18160_a_2/trace.jsonl
ctrate,train_6781_a_2,128,8,0,0,0,0,0,/data/ProveTok_ACM/outputs/5k_ablation/A1_trained_spatial/cases/ctrate/train_6781_a_2/trace.jsonl
ctrate,train_3638_a_1,128,7,0,0,0,0,0,/data/ProveTok_ACM/outputs/5k_ablation/A1_trained_spatial/cases/ctrate/train_3638_a_1/trace.jsonl
ctrate,train_17651_b_1,128,8,0,0,0,0,0,/data/ProveTok_ACM/outputs/5k_ablation/A1_trained_spatial/cases/ctrate/train_17651_b_1/trace.jsonl
ctrate,train_10592_a_1,128,8,2,0,0,0,0,/data/ProveTok_ACM/outputs/5k_ablation/A1_trained_spatial/cases/ctrate/train_10592_a_1/trace.jsonl
ctrate,train_9376_a_2,128,8,0,0,0,0,0,/data/ProveTok_ACM/outputs/5k_ablation/A1_trained_spatial/cases/ctrate/train_9376_a_2/trace.jsonl
ctrate,train_3071_a_2,128,8,0,0,0,0,0,/data/ProveTok_ACM/outputs/5k_ablation/A1_trained_spatial/cases/ctrate/train_3071_a_2/trace.jsonl
ctrate,train_7543_a_2,128,8,2,0,0,0,0,/data/ProveTok_ACM/outputs/5k_ablation/A1_trained_spatial/cases/ctrate/train_7543_a_2/trace.jsonl
ctrate,train_15857_a_1,128,8,0,0,0,0,0,/data/ProveTok_ACM/outputs/5k_ablation/A1_trained_spatial/cases/ctrate/train_15857_a_1/trace.jsonl
ctrate,train_11589_a_1,128,8,1,0,0,0,0,/data/ProveTok_ACM/outputs/5k_ablation/A1_trained_spatial/cases/ctrate/train_11589_a_1/trace.jsonl
ctrate,train_1970_a_2,128,8,1,0,0,0,0,/data/ProveTok_ACM/outputs/5k_ablation/A1_trained_spatial/cases/ctrate/train_1970_a_2/trace.jsonl
ctrate,train_16959_a_2,128,8,1,0,0,0,0,/data/ProveTok_ACM/outputs/5k_ablation/A1_trained_spatial/cases/ctrate/train_16959_a_2/trace.jsonl
ctrate,train_10828_a_1,128,8,0,0,0,0,0,/data/ProveTok_ACM/outputs/5k_ablation/A1_trained_spatial/cases/ctrate/train_10828_a_1/trace.jsonl
ctrate,train_11935_a_2,128,8,0,0,0,0,0,/data/ProveTok_ACM/outputs/5k_ablation/A1_trained_spatial/cases/ctrate/train_11935_a_2/trace.jsonl
ctrate,train_3885_a_2,128,8,1,0,0,0,0,/data/ProveTok_ACM/outputs/5k_ablation/A1_trained_spatial/cases/ctrate/train_3885_a_2/trace.jsonl
ctrate,train_11694_a_1,128,6,0,0,0,0,0,/data/ProveTok_ACM/outputs/5k_ablation/A1_trained_spatial/cases/ctrate/train_11694_a_1/trace.jsonl
ctrate,train_286_a_1,128,8,0,0,0,0,0,/data/ProveTok_ACM/outputs/5k_ablation/A1_trained_spatial/cases/ctrate/train_286_a_1/trace.jsonl
ctrate,train_8948_b_3,128,8,0,0,0,0,0,/data/ProveTok_ACM/outputs/5k_ablation/A1_trained_spatial/cases/ctrate/train_8948_b_3/trace.jsonl
ctrate,train_11367_a_2,128,8,1,0,0,0,0,/data/ProveTok_ACM/outputs/5k_ablation/A1_trained_spatial/cases/ctrate/train_11367_a_2/trace.jsonl
ctrate,train_15702_a_2,128,8,0,0,0,0,0,/data/ProveTok_ACM/outputs/5k_ablation/A1_trained_spatial/cases/ctrate/train_15702_a_2/trace.jsonl
ctrate,train_5608_a_2,128,8,1,0,0,0,0,/data/ProveTok_ACM/outputs/5k_ablation/A1_trained_spatial/cases/ctrate/train_5608_a_2/trace.jsonl
ctrate,train_5727_b_1,128,8,0,0,0,0,0,/data/ProveTok_ACM/outputs/5k_ablation/A1_trained_spatial/cases/ctrate/train_5727_b_1/trace.jsonl
ctrate,train_3986_a_1,128,8,1,0,0,0,0,/data/ProveTok_ACM/outputs/5k_ablation/A1_trained_spatial/cases/ctrate/train_3986_a_1/trace.jsonl
ctrate,train_6306_a_1,128,8,1,0,0,0,0,/data/ProveTok_ACM/outputs/5k_ablation/A1_trained_spatial/cases/ctrate/train_6306_a_1/trace.jsonl
ctrate,train_12221_a_1,128,8,0,0,0,0,0,/data/ProveTok_ACM/outputs/5k_ablation/A1_trained_spatial/cases/ctrate/train_12221_a_1/trace.jsonl
ctrate,train_8125_f_1,128,5,0,0,0,0,0,/data/ProveTok_ACM/outputs/5k_ablation/A1_trained_spatial/cases/ctrate/train_8125_f_1/trace.jsonl
ctrate,train_11925_a_2,128,8,1,0,0,0,0,/data/ProveTok_ACM/outputs/5k_ablation/A1_trained_spatial/cases/ctrate/train_11925_a_2/trace.jsonl
ctrate,train_5909_a_1,128,8,0,0,0,0,0,/data/ProveTok_ACM/outputs/5k_ablation/A1_trained_spatial/cases/ctrate/train_5909_a_1/trace.jsonl
ctrate,train_15187_a_4,128,8,1,0,0,0,0,/data/ProveTok_ACM/outputs/5k_ablation/A1_trained_spatial/cases/ctrate/train_15187_a_4/trace.jsonl
ctrate,train_2683_a_1,128,8,1,0,0,0,0,/data/ProveTok_ACM/outputs/5k_ablation/A1_trained_spatial/cases/ctrate/train_2683_a_1/trace.jsonl
ctrate,train_2383_a_2,128,8,1,0,0,0,0,/data/ProveTok_ACM/outputs/5k_ablation/A1_trained_spatial/cases/ctrate/train_2383_a_2/trace.jsonl
ctrate,train_14192_b_2,128,8,0,0,0,0,0,/data/ProveTok_ACM/outputs/5k_ablation/A1_trained_spatial/cases/ctrate/train_14192_b_2/trace.jsonl
ctrate,valid_425_a_2,128,8,0,0,0,0,0,/data/ProveTok_ACM/outputs/5k_ablation/A1_trained_spatial/cases/ctrate/valid_425_a_2/trace.jsonl
ctrate,train_10830_a_1,128,8,0,0,0,0,0,/data/ProveTok_ACM/outputs/5k_ablation/A1_trained_spatial/cases/ctrate/train_10830_a_1/trace.jsonl
ctrate,train_18864_a_2,128,8,1,0,0,0,0,/data/ProveTok_ACM/outputs/5k_ablation/A1_trained_spatial/cases/ctrate/train_18864_a_2/trace.jsonl
ctrate,train_2030_a_1,128,8,0,0,0,0,0,/data/ProveTok_ACM/outputs/5k_ablation/A1_trained_spatial/cases/ctrate/train_2030_a_1/trace.jsonl
ctrate,train_8195_a_1,128,8,1,0,0,0,0,/data/ProveTok_ACM/outputs/5k_ablation/A1_trained_spatial/cases/ctrate/train_8195_a_1/trace.jsonl
ctrate,train_18052_a_2,128,8,0,0,0,0,0,/data/ProveTok_ACM/outputs/5k_ablation/A1_trained_spatial/cases/ctrate/train_18052_a_2/trace.jsonl
ctrate,train_1301_a_1,128,8,0,0,0,0,0,/data/ProveTok_ACM/outputs/5k_ablation/A1_trained_spatial/cases/ctrate/train_1301_a_1/trace.jsonl
ctrate,train_10696_d_2,128,8,0,0,0,0,0,/data/ProveTok_ACM/outputs/5k_ablation/A1_trained_spatial/cases/ctrate/train_10696_d_2/trace.jsonl
ctrate,train_2963_c_2,128,8,0,0,0,0,0,/data/ProveTok_ACM/outputs/5k_ablation/A1_trained_spatial/cases/ctrate/train_2963_c_2/trace.jsonl
ctrate,train_4337_a_1,128,8,1,0,0,0,0,/data/ProveTok_ACM/outputs/5k_ablation/A1_trained_spatial/cases/ctrate/train_4337_a_1/trace.jsonl
ctrate,train_7524_a_1,128,8,0,0,0,0,0,/data/ProveTok_ACM/outputs/5k_ablation/A1_trained_spatial/cases/ctrate/train_7524_a_1/trace.jsonl
ctrate,train_12885_a_2,128,8,1,0,0,0,0,/data/ProveTok_ACM/outputs/5k_ablation/A1_trained_spatial/cases/ctrate/train_12885_a_2/trace.jsonl
ctrate,valid_1032_a_1,128,8,0,0,0,0,0,/data/ProveTok_ACM/outputs/5k_ablation/A1_trained_spatial/cases/ctrate/valid_1032_a_1/trace.jsonl
ctrate,train_19196_a_2,128,8,1,0,0,0,0,/data/ProveTok_ACM/outputs/5k_ablation/A1_trained_spatial/cases/ctrate/train_19196_a_2/trace.jsonl
ctrate,train_10218_a_2,128,8,0,0,0,0,0,/data/ProveTok_ACM/outputs/5k_ablation/A1_trained_spatial/cases/ctrate/train_10218_a_2/trace.jsonl
ctrate,train_3810_a_2,128,8,0,0,0,0,0,/data/ProveTok_ACM/outputs/5k_ablation/A1_trained_spatial/cases/ctrate/train_3810_a_2/trace.jsonl
ctrate,train_18458_a_2,128,8,0,0,0,0,0,/data/ProveTok_ACM/outputs/5k_ablation/A1_trained_spatial/cases/ctrate/train_18458_a_2/trace.jsonl
ctrate,train_10049_a_2,128,8,0,0,0,0,0,/data/ProveTok_ACM/outputs/5k_ablation/A1_trained_spatial/cases/ctrate/train_10049_a_2/trace.jsonl
ctrate,train_13499_a_2,128,8,0,0,0,0,0,/data/ProveTok_ACM/outputs/5k_ablation/A1_trained_spatial/cases/ctrate/train_13499_a_2/trace.jsonl
ctrate,train_17615_a_2,128,8,1,0,0,0,0,/data/ProveTok_ACM/outputs/5k_ablation/A1_trained_spatial/cases/ctrate/train_17615_a_2/trace.jsonl
ctrate,train_2410_a_1,128,8,0,0,0,0,0,/data/ProveTok_ACM/outputs/5k_ablation/A1_trained_spatial/cases/ctrate/train_2410_a_1/trace.jsonl
ctrate,valid_651_b_1,128,8,1,0,0,0,0,/data/ProveTok_ACM/outputs/5k_ablation/A1_trained_spatial/cases/ctrate/valid_651_b_1/trace.jsonl
ctrate,train_3786_a_2,128,8,1,0,0,0,0,/data/ProveTok_ACM/outputs/5k_ablation/A1_trained_spatial/cases/ctrate/train_3786_a_2/trace.jsonl
ctrate,train_19756_a_1,128,8,0,0,0,0,0,/data/ProveTok_ACM/outputs/5k_ablation/A1_trained_spatial/cases/ctrate/train_19756_a_1/trace.jsonl
ctrate,train_15641_c_1,128,8,0,0,0,0,0,/data/ProveTok_ACM/outputs/5k_ablation/A1_trained_spatial/cases/ctrate/train_15641_c_1/trace.jsonl
ctrate,train_15971_a_2,128,8,0,0,0,0,0,/data/ProveTok_ACM/outputs/5k_ablation/A1_trained_spatial/cases/ctrate/train_15971_a_2/trace.jsonl
ctrate,train_1974_a_1,128,8,1,0,0,0,0,/data/ProveTok_ACM/outputs/5k_ablation/A1_trained_spatial/cases/ctrate/train_1974_a_1/trace.jsonl
ctrate,train_15544_a_2,128,8,1,0,0,0,0,/data/ProveTok_ACM/outputs/5k_ablation/A1_trained_spatial/cases/ctrate/train_15544_a_2/trace.jsonl
ctrate,train_2039_c_1,128,8,0,0,0,0,0,/data/ProveTok_ACM/outputs/5k_ablation/A1_trained_spatial/cases/ctrate/train_2039_c_1/trace.jsonl
ctrate,train_10697_b_1,128,8,1,0,0,0,0,/data/ProveTok_ACM/outputs/5k_ablation/A1_trained_spatial/cases/ctrate/train_10697_b_1/trace.jsonl
ctrate,train_12824_a_2,128,8,0,0,0,0,0,/data/ProveTok_ACM/outputs/5k_ablation/A1_trained_spatial/cases/ctrate/train_12824_a_2/trace.jsonl
ctrate,train_17021_a_1,128,8,0,0,0,0,0,/data/ProveTok_ACM/outputs/5k_ablation/A1_trained_spatial/cases/ctrate/train_17021_a_1/trace.jsonl
ctrate,train_10682_a_2,128,8,2,0,0,0,0,/data/ProveTok_ACM/outputs/5k_ablation/A1_trained_spatial/cases/ctrate/train_10682_a_2/trace.jsonl
ctrate,train_3506_a_1,128,8,1,0,0,0,0,/data/ProveTok_ACM/outputs/5k_ablation/A1_trained_spatial/cases/ctrate/train_3506_a_1/trace.jsonl
ctrate,train_12250_a_1,128,8,1,0,0,0,0,/data/ProveTok_ACM/outputs/5k_ablation/A1_trained_spatial/cases/ctrate/train_12250_a_1/trace.jsonl
ctrate,train_1157_a_2,128,8,2,0,0,0,0,/data/ProveTok_ACM/outputs/5k_ablation/A1_trained_spatial/cases/ctrate/train_1157_a_2/trace.jsonl
ctrate,train_1038_a_1,128,8,0,0,0,0,0,/data/ProveTok_ACM/outputs/5k_ablation/A1_trained_spatial/cases/ctrate/train_1038_a_1/trace.jsonl
ctrate,train_7474_a_2,128,8,1,0,0,0,0,/data/ProveTok_ACM/outputs/5k_ablation/A1_trained_spatial/cases/ctrate/train_7474_a_2/trace.jsonl
ctrate,train_3016_a_4,128,8,1,0,0,0,0,/data/ProveTok_ACM/outputs/5k_ablation/A1_trained_spatial/cases/ctrate/train_3016_a_4/trace.jsonl
ctrate,train_13558_a_1,128,8,0,0,0,0,0,/data/ProveTok_ACM/outputs/5k_ablation/A1_trained_spatial/cases/ctrate/train_13558_a_1/trace.jsonl
ctrate,train_10754_c_1,128,6,0,0,0,0,0,/data/ProveTok_ACM/outputs/5k_ablation/A1_trained_spatial/cases/ctrate/train_10754_c_1/trace.jsonl
ctrate,train_6989_a_1,128,8,1,0,0,0,0,/data/ProveTok_ACM/outputs/5k_ablation/A1_trained_spatial/cases/ctrate/train_6989_a_1/trace.jsonl
ctrate,train_18540_b_2,128,8,0,0,0,0,0,/data/ProveTok_ACM/outputs/5k_ablation/A1_trained_spatial/cases/ctrate/train_18540_b_2/trace.jsonl
ctrate,train_16106_a_1,128,8,1,0,0,0,0,/data/ProveTok_ACM/outputs/5k_ablation/A1_trained_spatial/cases/ctrate/train_16106_a_1/trace.jsonl
ctrate,train_1897_b_1,128,8,1,0,0,0,0,/data/ProveTok_ACM/outputs/5k_ablation/A1_trained_spatial/cases/ctrate/train_1897_b_1/trace.jsonl
ctrate,train_11029_a_2,128,8,0,0,0,0,0,/data/ProveTok_ACM/outputs/5k_ablation/A1_trained_spatial/cases/ctrate/train_11029_a_2/trace.jsonl
ctrate,train_121_b_1,128,8,1,0,0,0,0,/data/ProveTok_ACM/outputs/5k_ablation/A1_trained_spatial/cases/ctrate/train_121_b_1/trace.jsonl
ctrate,train_8000_a_1,128,8,0,0,0,0,0,/data/ProveTok_ACM/outputs/5k_ablation/A1_trained_spatial/cases/ctrate/train_8000_a_1/trace.jsonl
ctrate,train_7743_a_2,128,8,0,0,0,0,0,/data/ProveTok_ACM/outputs/5k_ablation/A1_trained_spatial/cases/ctrate/train_7743_a_2/trace.jsonl
ctrate,train_19666_a_2,128,8,0,0,0,0,0,/data/ProveTok_ACM/outputs/5k_ablation/A1_trained_spatial/cases/ctrate/train_19666_a_2/trace.jsonl
ctrate,train_6936_a_1,128,8,1,0,0,0,0,/data/ProveTok_ACM/outputs/5k_ablation/A1_trained_spatial/cases/ctrate/train_6936_a_1/trace.jsonl
ctrate,train_5508_a_2,128,8,0,0,0,0,0,/data/ProveTok_ACM/outputs/5k_ablation/A1_trained_spatial/cases/ctrate/train_5508_a_2/trace.jsonl
ctrate,train_7352_a_1,128,8,0,0,0,0,0,/data/ProveTok_ACM/outputs/5k_ablation/A1_trained_spatial/cases/ctrate/train_7352_a_1/trace.jsonl
ctrate,train_14814_a_1,128,8,1,0,0,0,0,/data/ProveTok_ACM/outputs/5k_ablation/A1_trained_spatial/cases/ctrate/train_14814_a_1/trace.jsonl
ctrate,train_3024_a_1,128,8,1,0,0,0,0,/data/ProveTok_ACM/outputs/5k_ablation/A1_trained_spatial/cases/ctrate/train_3024_a_1/trace.jsonl
ctrate,train_13002_a_2,128,8,1,0,0,0,0,/data/ProveTok_ACM/outputs/5k_ablation/A1_trained_spatial/cases/ctrate/train_13002_a_2/trace.jsonl
ctrate,train_12226_a_3,128,8,0,0,0,0,0,/data/ProveTok_ACM/outputs/5k_ablation/A1_trained_spatial/cases/ctrate/train_12226_a_3/trace.jsonl
ctrate,train_13941_a_2,128,6,1,0,0,0,0,/data/ProveTok_ACM/outputs/5k_ablation/A1_trained_spatial/cases/ctrate/train_13941_a_2/trace.jsonl
ctrate,valid_970_a_2,128,8,1,0,0,0,0,/data/ProveTok_ACM/outputs/5k_ablation/A1_trained_spatial/cases/ctrate/valid_970_a_2/trace.jsonl
ctrate,train_2611_a_1,128,8,1,0,0,0,0,/data/ProveTok_ACM/outputs/5k_ablation/A1_trained_spatial/cases/ctrate/train_2611_a_1/trace.jsonl
ctrate,train_1705_a_2,128,8,0,0,0,0,0,/data/ProveTok_ACM/outputs/5k_ablation/A1_trained_spatial/cases/ctrate/train_1705_a_2/trace.jsonl
ctrate,valid_62_c_2,128,2,0,0,0,0,0,/data/ProveTok_ACM/outputs/5k_ablation/A1_trained_spatial/cases/ctrate/valid_62_c_2/trace.jsonl
ctrate,train_15320_a_1,128,8,0,0,0,0,0,/data/ProveTok_ACM/outputs/5k_ablation/A1_trained_spatial/cases/ctrate/train_15320_a_1/trace.jsonl
ctrate,train_2334_a_2,128,8,0,0,0,0,0,/data/ProveTok_ACM/outputs/5k_ablation/A1_trained_spatial/cases/ctrate/train_2334_a_2/trace.jsonl
ctrate,train_4122_a_2,128,8,0,0,0,0,0,/data/ProveTok_ACM/outputs/5k_ablation/A1_trained_spatial/cases/ctrate/train_4122_a_2/trace.jsonl
ctrate,train_14341_a_2,128,8,0,0,0,0,0,/data/ProveTok_ACM/outputs/5k_ablation/A1_trained_spatial/cases/ctrate/train_14341_a_2/trace.jsonl
ctrate,train_12452_a_1,128,8,0,0,0,0,0,/data/ProveTok_ACM/outputs/5k_ablation/A1_trained_spatial/cases/ctrate/train_12452_a_1/trace.jsonl
ctrate,train_18068_b_1,128,8,0,0,0,0,0,/data/ProveTok_ACM/outputs/5k_ablation/A1_trained_spatial/cases/ctrate/train_18068_b_1/trace.jsonl
ctrate,train_17014_a_1,128,8,1,0,0,0,0,/data/ProveTok_ACM/outputs/5k_ablation/A1_trained_spatial/cases/ctrate/train_17014_a_1/trace.jsonl
ctrate,train_4374_a_2,128,8,0,0,0,0,0,/data/ProveTok_ACM/outputs/5k_ablation/A1_trained_spatial/cases/ctrate/train_4374_a_2/trace.jsonl
ctrate,train_4981_a_1,128,8,0,0,0,0,0,/data/ProveTok_ACM/outputs/5k_ablation/A1_trained_spatial/cases/ctrate/train_4981_a_1/trace.jsonl
ctrate,train_2750_a_1,128,8,0,0,0,0,0,/data/ProveTok_ACM/outputs/5k_ablation/A1_trained_spatial/cases/ctrate/train_2750_a_1/trace.jsonl
ctrate,train_17307_a_2,128,8,0,0,0,0,0,/data/ProveTok_ACM/outputs/5k_ablation/A1_trained_spatial/cases/ctrate/train_17307_a_2/trace.jsonl
ctrate,train_11197_a_1,128,8,0,0,0,0,0,/data/ProveTok_ACM/outputs/5k_ablation/A1_trained_spatial/cases/ctrate/train_11197_a_1/trace.jsonl
ctrate,train_4477_a_2,128,8,0,0,0,0,0,/data/ProveTok_ACM/outputs/5k_ablation/A1_trained_spatial/cases/ctrate/train_4477_a_2/trace.jsonl
ctrate,valid_462_a_1,128,8,0,0,0,0,0,/data/ProveTok_ACM/outputs/5k_ablation/A1_trained_spatial/cases/ctrate/valid_462_a_1/trace.jsonl
ctrate,train_2013_b_1,128,8,1,0,0,0,0,/data/ProveTok_ACM/outputs/5k_ablation/A1_trained_spatial/cases/ctrate/train_2013_b_1/trace.jsonl
ctrate,train_15030_a_1,128,8,1,0,0,0,0,/data/ProveTok_ACM/outputs/5k_ablation/A1_trained_spatial/cases/ctrate/train_15030_a_1/trace.jsonl
ctrate,train_29_a_2,128,8,0,0,0,0,0,/data/ProveTok_ACM/outputs/5k_ablation/A1_trained_spatial/cases/ctrate/train_29_a_2/trace.jsonl
ctrate,train_14004_a_2,128,8,1,0,0,0,0,/data/ProveTok_ACM/outputs/5k_ablation/A1_trained_spatial/cases/ctrate/train_14004_a_2/trace.jsonl
ctrate,train_7086_a_2,128,8,0,0,0,0,0,/data/ProveTok_ACM/outputs/5k_ablation/A1_trained_spatial/cases/ctrate/train_7086_a_2/trace.jsonl
ctrate,train_7970_a_1,128,8,0,0,0,0,0,/data/ProveTok_ACM/outputs/5k_ablation/A1_trained_spatial/cases/ctrate/train_7970_a_1/trace.jsonl
ctrate,train_14297_a_2,128,8,0,0,0,0,0,/data/ProveTok_ACM/outputs/5k_ablation/A1_trained_spatial/cases/ctrate/train_14297_a_2/trace.jsonl
ctrate,train_3769_a_1,128,8,1,0,0,0,0,/data/ProveTok_ACM/outputs/5k_ablation/A1_trained_spatial/cases/ctrate/train_3769_a_1/trace.jsonl
ctrate,train_171_b_2,128,8,1,0,0,0,0,/data/ProveTok_ACM/outputs/5k_ablation/A1_trained_spatial/cases/ctrate/train_171_b_2/trace.jsonl
ctrate,train_6110_b_2,128,8,1,0,0,0,0,/data/ProveTok_ACM/outputs/5k_ablation/A1_trained_spatial/cases/ctrate/train_6110_b_2/trace.jsonl
ctrate,train_15288_a_1,128,8,0,0,0,0,0,/data/ProveTok_ACM/outputs/5k_ablation/A1_trained_spatial/cases/ctrate/train_15288_a_1/trace.jsonl
ctrate,train_10986_a_1,128,8,1,0,0,0,0,/data/ProveTok_ACM/outputs/5k_ablation/A1_trained_spatial/cases/ctrate/train_10986_a_1/trace.jsonl
ctrate,train_18661_a_2,128,8,1,0,0,0,0,/data/ProveTok_ACM/outputs/5k_ablation/A1_trained_spatial/cases/ctrate/train_18661_a_2/trace.jsonl
ctrate,train_3933_a_1,128,8,0,0,0,0,0,/data/ProveTok_ACM/outputs/5k_ablation/A1_trained_spatial/cases/ctrate/train_3933_a_1/trace.jsonl
ctrate,train_9937_a_2,128,8,1,0,0,0,0,/data/ProveTok_ACM/outputs/5k_ablation/A1_trained_spatial/cases/ctrate/train_9937_a_2/trace.jsonl
ctrate,train_11272_a_1,128,8,0,0,0,0,0,/data/ProveTok_ACM/outputs/5k_ablation/A1_trained_spatial/cases/ctrate/train_11272_a_1/trace.jsonl
ctrate,train_12186_a_2,128,8,0,0,0,0,0,/data/ProveTok_ACM/outputs/5k_ablation/A1_trained_spatial/cases/ctrate/train_12186_a_2/trace.jsonl
ctrate,train_10621_a_1,128,8,0,0,0,0,0,/data/ProveTok_ACM/outputs/5k_ablation/A1_trained_spatial/cases/ctrate/train_10621_a_1/trace.jsonl
ctrate,train_17654_a_1,128,8,1,0,0,0,0,/data/ProveTok_ACM/outputs/5k_ablation/A1_trained_spatial/cases/ctrate/train_17654_a_1/trace.jsonl
ctrate,train_13678_a_2,128,8,1,0,0,0,0,/data/ProveTok_ACM/outputs/5k_ablation/A1_trained_spatial/cases/ctrate/train_13678_a_2/trace.jsonl
ctrate,train_9707_a_2,128,8,1,0,0,0,0,/data/ProveTok_ACM/outputs/5k_ablation/A1_trained_spatial/cases/ctrate/train_9707_a_2/trace.jsonl
ctrate,train_14479_a_2,128,8,0,0,0,0,0,/data/ProveTok_ACM/outputs/5k_ablation/A1_trained_spatial/cases/ctrate/train_14479_a_2/trace.jsonl
ctrate,train_7922_a_1,128,8,0,0,0,0,0,/data/ProveTok_ACM/outputs/5k_ablation/A1_trained_spatial/cases/ctrate/train_7922_a_1/trace.jsonl
ctrate,train_14228_a_2,128,8,0,0,0,0,0,/data/ProveTok_ACM/outputs/5k_ablation/A1_trained_spatial/cases/ctrate/train_14228_a_2/trace.jsonl
ctrate,valid_606_a_2,128,8,1,0,0,0,0,/data/ProveTok_ACM/outputs/5k_ablation/A1_trained_spatial/cases/ctrate/valid_606_a_2/trace.jsonl
ctrate,train_4621_a_1,128,8,0,0,0,0,0,/data/ProveTok_ACM/outputs/5k_ablation/A1_trained_spatial/cases/ctrate/train_4621_a_1/trace.jsonl
ctrate,train_18697_b_2,128,8,0,0,0,0,0,/data/ProveTok_ACM/outputs/5k_ablation/A1_trained_spatial/cases/ctrate/train_18697_b_2/trace.jsonl
ctrate,train_14615_a_1,128,8,1,0,0,0,0,/data/ProveTok_ACM/outputs/5k_ablation/A1_trained_spatial/cases/ctrate/train_14615_a_1/trace.jsonl
ctrate,train_10280_a_1,128,8,2,0,0,0,0,/data/ProveTok_ACM/outputs/5k_ablation/A1_trained_spatial/cases/ctrate/train_10280_a_1/trace.jsonl
ctrate,train_6258_a_2,128,8,0,0,0,0,0,/data/ProveTok_ACM/outputs/5k_ablation/A1_trained_spatial/cases/ctrate/train_6258_a_2/trace.jsonl
ctrate,train_12303_a_1,128,8,0,0,0,0,0,/data/ProveTok_ACM/outputs/5k_ablation/A1_trained_spatial/cases/ctrate/train_12303_a_1/trace.jsonl
ctrate,train_8065_n_2,128,8,1,0,0,0,0,/data/ProveTok_ACM/outputs/5k_ablation/A1_trained_spatial/cases/ctrate/train_8065_n_2/trace.jsonl
ctrate,train_17632_a_1,128,8,0,0,0,0,0,/data/ProveTok_ACM/outputs/5k_ablation/A1_trained_spatial/cases/ctrate/train_17632_a_1/trace.jsonl
ctrate,train_1297_a_2,128,8,1,0,0,0,0,/data/ProveTok_ACM/outputs/5k_ablation/A1_trained_spatial/cases/ctrate/train_1297_a_2/trace.jsonl
ctrate,valid_900_a_2,128,8,1,0,0,0,0,/data/ProveTok_ACM/outputs/5k_ablation/A1_trained_spatial/cases/ctrate/valid_900_a_2/trace.jsonl
ctrate,train_12512_c_2,128,8,0,0,0,0,0,/data/ProveTok_ACM/outputs/5k_ablation/A1_trained_spatial/cases/ctrate/train_12512_c_2/trace.jsonl
ctrate,train_16368_a_1,128,8,2,0,0,0,0,/data/ProveTok_ACM/outputs/5k_ablation/A1_trained_spatial/cases/ctrate/train_16368_a_1/trace.jsonl
ctrate,train_11342_a_2,128,8,0,0,0,0,0,/data/ProveTok_ACM/outputs/5k_ablation/A1_trained_spatial/cases/ctrate/train_11342_a_2/trace.jsonl
ctrate,train_6185_a_2,128,8,2,0,0,0,0,/data/ProveTok_ACM/outputs/5k_ablation/A1_trained_spatial/cases/ctrate/train_6185_a_2/trace.jsonl
ctrate,train_13790_a_1,128,8,1,0,0,0,0,/data/ProveTok_ACM/outputs/5k_ablation/A1_trained_spatial/cases/ctrate/train_13790_a_1/trace.jsonl
ctrate,train_1267_a_1,128,8,0,0,0,0,0,/data/ProveTok_ACM/outputs/5k_ablation/A1_trained_spatial/cases/ctrate/train_1267_a_1/trace.jsonl
ctrate,train_18545_a_1,128,8,1,0,0,0,0,/data/ProveTok_ACM/outputs/5k_ablation/A1_trained_spatial/cases/ctrate/train_18545_a_1/trace.jsonl
ctrate,train_5709_a_1,128,8,1,0,0,0,0,/data/ProveTok_ACM/outputs/5k_ablation/A1_trained_spatial/cases/ctrate/train_5709_a_1/trace.jsonl
ctrate,train_7786_a_2,128,8,0,0,0,0,0,/data/ProveTok_ACM/outputs/5k_ablation/A1_trained_spatial/cases/ctrate/train_7786_a_2/trace.jsonl
ctrate,train_2041_e_2,128,8,0,0,0,0,0,/data/ProveTok_ACM/outputs/5k_ablation/A1_trained_spatial/cases/ctrate/train_2041_e_2/trace.jsonl
ctrate,train_17772_a_1,128,8,0,0,0,0,0,/data/ProveTok_ACM/outputs/5k_ablation/A1_trained_spatial/cases/ctrate/train_17772_a_1/trace.jsonl
ctrate,train_16446_a_1,128,8,0,0,0,0,0,/data/ProveTok_ACM/outputs/5k_ablation/A1_trained_spatial/cases/ctrate/train_16446_a_1/trace.jsonl
ctrate,train_9163_a_1,128,8,1,0,0,0,0,/data/ProveTok_ACM/outputs/5k_ablation/A1_trained_spatial/cases/ctrate/train_9163_a_1/trace.jsonl
ctrate,train_13239_a_1,128,8,2,0,0,0,0,/data/ProveTok_ACM/outputs/5k_ablation/A1_trained_spatial/cases/ctrate/train_13239_a_1/trace.jsonl
ctrate,train_76_a_1,128,8,0,0,0,0,0,/data/ProveTok_ACM/outputs/5k_ablation/A1_trained_spatial/cases/ctrate/train_76_a_1/trace.jsonl
ctrate,valid_1159_a_1,128,8,1,0,0,0,0,/data/ProveTok_ACM/outputs/5k_ablation/A1_trained_spatial/cases/ctrate/valid_1159_a_1/trace.jsonl
ctrate,train_12976_b_1,128,8,1,0,0,0,0,/data/ProveTok_ACM/outputs/5k_ablation/A1_trained_spatial/cases/ctrate/train_12976_b_1/trace.jsonl
ctrate,train_16087_a_2,128,8,0,0,0,0,0,/data/ProveTok_ACM/outputs/5k_ablation/A1_trained_spatial/cases/ctrate/train_16087_a_2/trace.jsonl
radgenome,train_10776_a_1,128,8,0,0,0,0,0,/data/ProveTok_ACM/outputs/5k_ablation/A1_trained_spatial/cases/radgenome/train_10776_a_1/trace.jsonl
radgenome,train_7505_a_1,128,8,2,0,0,0,0,/data/ProveTok_ACM/outputs/5k_ablation/A1_trained_spatial/cases/radgenome/train_7505_a_1/trace.jsonl
radgenome,train_17624_a_1,128,8,1,0,0,0,0,/data/ProveTok_ACM/outputs/5k_ablation/A1_trained_spatial/cases/radgenome/train_17624_a_1/trace.jsonl
radgenome,train_1924_a_1,128,8,0,0,0,0,0,/data/ProveTok_ACM/outputs/5k_ablation/A1_trained_spatial/cases/radgenome/train_1924_a_1/trace.jsonl
radgenome,train_17776_a_1,128,8,0,0,0,0,0,/data/ProveTok_ACM/outputs/5k_ablation/A1_trained_spatial/cases/radgenome/train_17776_a_1/trace.jsonl
radgenome,train_10860_a_1,128,8,1,0,0,0,0,/data/ProveTok_ACM/outputs/5k_ablation/A1_trained_spatial/cases/radgenome/train_10860_a_1/trace.jsonl
radgenome,train_3503_a_1,128,8,1,0,0,0,0,/data/ProveTok_ACM/outputs/5k_ablation/A1_trained_spatial/cases/radgenome/train_3503_a_1/trace.jsonl
radgenome,train_17901_a_1,128,8,0,0,0,0,0,/data/ProveTok_ACM/outputs/5k_ablation/A1_trained_spatial/cases/radgenome/train_17901_a_1/trace.jsonl
radgenome,train_9552_a_1,128,8,0,0,0,0,0,/data/ProveTok_ACM/outputs/5k_ablation/A1_trained_spatial/cases/radgenome/train_9552_a_1/trace.jsonl
radgenome,train_11962_a_1,128,8,0,0,0,0,0,/data/ProveTok_ACM/outputs/5k_ablation/A1_trained_spatial/cases/radgenome/train_11962_a_1/trace.jsonl
radgenome,train_3485_a_1,128,8,0,0,0,0,0,/data/ProveTok_ACM/outputs/5k_ablation/A1_trained_spatial/cases/radgenome/train_3485_a_1/trace.jsonl
radgenome,train_2841_a_1,128,8,1,0,0,0,0,/data/ProveTok_ACM/outputs/5k_ablation/A1_trained_spatial/cases/radgenome/train_2841_a_1/trace.jsonl
radgenome,train_15554_a_1,128,8,0,0,0,0,0,/data/ProveTok_ACM/outputs/5k_ablation/A1_trained_spatial/cases/radgenome/train_15554_a_1/trace.jsonl
radgenome,valid_936_a_1,128,8,0,0,0,0,0,/data/ProveTok_ACM/outputs/5k_ablation/A1_trained_spatial/cases/radgenome/valid_936_a_1/trace.jsonl
radgenome,train_11479_a_1,128,8,1,0,0,0,0,/data/ProveTok_ACM/outputs/5k_ablation/A1_trained_spatial/cases/radgenome/train_11479_a_1/trace.jsonl
radgenome,train_15513_b_1,128,8,0,0,0,0,0,/data/ProveTok_ACM/outputs/5k_ablation/A1_trained_spatial/cases/radgenome/train_15513_b_1/trace.jsonl
radgenome,train_11573_a_1,128,8,0,0,0,0,0,/data/ProveTok_ACM/outputs/5k_ablation/A1_trained_spatial/cases/radgenome/train_11573_a_1/trace.jsonl
radgenome,train_12716_a_1,128,8,0,0,0,0,0,/data/ProveTok_ACM/outputs/5k_ablation/A1_trained_spatial/cases/radgenome/train_12716_a_1/trace.jsonl
radgenome,train_57_a_1,128,8,0,0,0,0,0,/data/ProveTok_ACM/outputs/5k_ablation/A1_trained_spatial/cases/radgenome/train_57_a_1/trace.jsonl
radgenome,valid_285_a_1,128,8,1,0,0,0,0,/data/ProveTok_ACM/outputs/5k_ablation/A1_trained_spatial/cases/radgenome/valid_285_a_1/trace.jsonl
radgenome,train_17138_a_1,128,8,2,0,0,0,0,/data/ProveTok_ACM/outputs/5k_ablation/A1_trained_spatial/cases/radgenome/train_17138_a_1/trace.jsonl
radgenome,train_17086_a_1,128,8,0,0,0,0,0,/data/ProveTok_ACM/outputs/5k_ablation/A1_trained_spatial/cases/radgenome/train_17086_a_1/trace.jsonl
radgenome,train_13222_a_1,128,8,0,0,0,0,0,/data/ProveTok_ACM/outputs/5k_ablation/A1_trained_spatial/cases/radgenome/train_13222_a_1/trace.jsonl
radgenome,train_14888_b_1,128,8,1,0,0,0,0,/data/ProveTok_ACM/outputs/5k_ablation/A1_trained_spatial/cases/radgenome/train_14888_b_1/trace.jsonl
radgenome,train_12628_a_1,128,8,2,0,0,0,0,/data/ProveTok_ACM/outputs/5k_ablation/A1_trained_spatial/cases/radgenome/train_12628_a_1/trace.jsonl
radgenome,train_8185_a_1,128,8,2,0,0,0,0,/data/ProveTok_ACM/outputs/5k_ablation/A1_trained_spatial/cases/radgenome/train_8185_a_1/trace.jsonl
radgenome,train_8202_a_1,128,8,0,0,0,0,0,/data/ProveTok_ACM/outputs/5k_ablation/A1_trained_spatial/cases/radgenome/train_8202_a_1/trace.jsonl
radgenome,train_1900_a_1,128,8,1,0,0,0,0,/data/ProveTok_ACM/outputs/5k_ablation/A1_trained_spatial/cases/radgenome/train_1900_a_1/trace.jsonl
radgenome,train_2317_d_1,128,8,0,0,0,0,0,/data/ProveTok_ACM/outputs/5k_ablation/A1_trained_spatial/cases/radgenome/train_2317_d_1/trace.jsonl
radgenome,train_12497_c_1,128,8,0,0,0,0,0,/data/ProveTok_ACM/outputs/5k_ablation/A1_trained_spatial/cases/radgenome/train_12497_c_1/trace.jsonl
radgenome,train_2002_a_1,128,8,0,0,0,0,0,/data/ProveTok_ACM/outputs/5k_ablation/A1_trained_spatial/cases/radgenome/train_2002_a_1/trace.jsonl
radgenome,train_12456_a_1,128,8,1,0,0,0,0,/data/ProveTok_ACM/outputs/5k_ablation/A1_trained_spatial/cases/radgenome/train_12456_a_1/trace.jsonl
radgenome,train_17608_b_1,128,8,0,0,0,0,0,/data/ProveTok_ACM/outputs/5k_ablation/A1_trained_spatial/cases/radgenome/train_17608_b_1/trace.jsonl
radgenome,train_11174_a_1,128,8,0,0,0,0,0,/data/ProveTok_ACM/outputs/5k_ablation/A1_trained_spatial/cases/radgenome/train_11174_a_1/trace.jsonl
radgenome,train_18923_a_1,128,8,1,0,0,0,0,/data/ProveTok_ACM/outputs/5k_ablation/A1_trained_spatial/cases/radgenome/train_18923_a_1/trace.jsonl
radgenome,train_17827_a_1,128,8,0,0,0,0,0,/data/ProveTok_ACM/outputs/5k_ablation/A1_trained_spatial/cases/radgenome/train_17827_a_1/trace.jsonl
radgenome,train_18554_a_1,128,8,0,0,0,0,0,/data/ProveTok_ACM/outputs/5k_ablation/A1_trained_spatial/cases/radgenome/train_18554_a_1/trace.jsonl
radgenome,train_6199_a_1,128,8,1,0,0,0,0,/data/ProveTok_ACM/outputs/5k_ablation/A1_trained_spatial/cases/radgenome/train_6199_a_1/trace.jsonl
radgenome,train_14436_a_1,128,8,0,0,0,0,0,/data/ProveTok_ACM/outputs/5k_ablation/A1_trained_spatial/cases/radgenome/train_14436_a_1/trace.jsonl
radgenome,train_18130_g_1,128,8,0,0,0,0,0,/data/ProveTok_ACM/outputs/5k_ablation/A1_trained_spatial/cases/radgenome/train_18130_g_1/trace.jsonl
radgenome,train_12632_a_1,128,8,0,0,0,0,0,/data/ProveTok_ACM/outputs/5k_ablation/A1_trained_spatial/cases/radgenome/train_12632_a_1/trace.jsonl
radgenome,train_6793_a_1,128,8,0,0,0,0,0,/data/ProveTok_ACM/outputs/5k_ablation/A1_trained_spatial/cases/radgenome/train_6793_a_1/trace.jsonl
radgenome,train_10130_a_1,128,8,0,0,0,0,0,/data/ProveTok_ACM/outputs/5k_ablation/A1_trained_spatial/cases/radgenome/train_10130_a_1/trace.jsonl
radgenome,train_19500_a_1,128,8,0,0,0,0,0,/data/ProveTok_ACM/outputs/5k_ablation/A1_trained_spatial/cases/radgenome/train_19500_a_1/trace.jsonl
radgenome,train_5811_a_1,128,8,1,0,0,0,0,/data/ProveTok_ACM/outputs/5k_ablation/A1_trained_spatial/cases/radgenome/train_5811_a_1/trace.jsonl
radgenome,train_6488_a_1,128,8,0,0,0,0,0,/data/ProveTok_ACM/outputs/5k_ablation/A1_trained_spatial/cases/radgenome/train_6488_a_1/trace.jsonl
radgenome,train_3814_a_1,128,8,1,0,0,0,0,/data/ProveTok_ACM/outputs/5k_ablation/A1_trained_spatial/cases/radgenome/train_3814_a_1/trace.jsonl
radgenome,train_13308_a_1,128,8,0,0,0,0,0,/data/ProveTok_ACM/outputs/5k_ablation/A1_trained_spatial/cases/radgenome/train_13308_a_1/trace.jsonl
radgenome,train_15249_a_1,128,8,0,0,0,0,0,/data/ProveTok_ACM/outputs/5k_ablation/A1_trained_spatial/cases/radgenome/train_15249_a_1/trace.jsonl
radgenome,train_18724_a_1,128,8,2,0,0,0,0,/data/ProveTok_ACM/outputs/5k_ablation/A1_trained_spatial/cases/radgenome/train_18724_a_1/trace.jsonl
radgenome,train_4535_a_1,128,8,2,0,0,0,0,/data/ProveTok_ACM/outputs/5k_ablation/A1_trained_spatial/cases/radgenome/train_4535_a_1/trace.jsonl
radgenome,train_1741_a_1,128,8,0,0,0,0,0,/data/ProveTok_ACM/outputs/5k_ablation/A1_trained_spatial/cases/radgenome/train_1741_a_1/trace.jsonl
radgenome,train_5659_a_1,128,8,1,0,0,0,0,/data/ProveTok_ACM/outputs/5k_ablation/A1_trained_spatial/cases/radgenome/train_5659_a_1/trace.jsonl
radgenome,train_11073_a_1,128,8,1,0,0,0,0,/data/ProveTok_ACM/outputs/5k_ablation/A1_trained_spatial/cases/radgenome/train_11073_a_1/trace.jsonl
radgenome,train_8993_a_1,128,8,0,0,0,0,0,/data/ProveTok_ACM/outputs/5k_ablation/A1_trained_spatial/cases/radgenome/train_8993_a_1/trace.jsonl
radgenome,train_19274_a_1,128,8,0,0,0,0,0,/data/ProveTok_ACM/outputs/5k_ablation/A1_trained_spatial/cases/radgenome/train_19274_a_1/trace.jsonl
radgenome,train_7132_a_1,128,8,0,0,0,0,0,/data/ProveTok_ACM/outputs/5k_ablation/A1_trained_spatial/cases/radgenome/train_7132_a_1/trace.jsonl
radgenome,train_15763_a_1,128,8,1,0,0,0,0,/data/ProveTok_ACM/outputs/5k_ablation/A1_trained_spatial/cases/radgenome/train_15763_a_1/trace.jsonl
radgenome,train_11845_b_1,128,8,1,0,0,0,0,/data/ProveTok_ACM/outputs/5k_ablation/A1_trained_spatial/cases/radgenome/train_11845_b_1/trace.jsonl
radgenome,train_1601_a_1,128,8,0,0,0,0,0,/data/ProveTok_ACM/outputs/5k_ablation/A1_trained_spatial/cases/radgenome/train_1601_a_1/trace.jsonl
radgenome,train_1861_a_1,128,8,1,0,0,0,0,/data/ProveTok_ACM/outputs/5k_ablation/A1_trained_spatial/cases/radgenome/train_1861_a_1/trace.jsonl
radgenome,train_12407_a_1,128,8,0,0,0,0,0,/data/ProveTok_ACM/outputs/5k_ablation/A1_trained_spatial/cases/radgenome/train_12407_a_1/trace.jsonl
radgenome,train_853_a_1,128,8,0,0,0,0,0,/data/ProveTok_ACM/outputs/5k_ablation/A1_trained_spatial/cases/radgenome/train_853_a_1/trace.jsonl
radgenome,train_7800_a_1,128,8,1,0,0,0,0,/data/ProveTok_ACM/outputs/5k_ablation/A1_trained_spatial/cases/radgenome/train_7800_a_1/trace.jsonl
radgenome,train_15353_b_1,128,8,0,0,0,0,0,/data/ProveTok_ACM/outputs/5k_ablation/A1_trained_spatial/cases/radgenome/train_15353_b_1/trace.jsonl
radgenome,valid_692_a_1,128,8,0,0,0,0,0,/data/ProveTok_ACM/outputs/5k_ablation/A1_trained_spatial/cases/radgenome/valid_692_a_1/trace.jsonl
radgenome,train_1416_a_1,128,8,0,0,0,0,0,/data/ProveTok_ACM/outputs/5k_ablation/A1_trained_spatial/cases/radgenome/train_1416_a_1/trace.jsonl
radgenome,train_17950_a_1,128,8,0,0,0,0,0,/data/ProveTok_ACM/outputs/5k_ablation/A1_trained_spatial/cases/radgenome/train_17950_a_1/trace.jsonl
radgenome,train_6892_a_1,128,8,0,0,0,0,0,/data/ProveTok_ACM/outputs/5k_ablation/A1_trained_spatial/cases/radgenome/train_6892_a_1/trace.jsonl
radgenome,train_6970_c_1,128,8,1,0,0,0,0,/data/ProveTok_ACM/outputs/5k_ablation/A1_trained_spatial/cases/radgenome/train_6970_c_1/trace.jsonl
radgenome,train_11855_a_1,128,8,0,0,0,0,0,/data/ProveTok_ACM/outputs/5k_ablation/A1_trained_spatial/cases/radgenome/train_11855_a_1/trace.jsonl
radgenome,valid_848_a_1,128,8,0,0,0,0,0,/data/ProveTok_ACM/outputs/5k_ablation/A1_trained_spatial/cases/radgenome/valid_848_a_1/trace.jsonl
radgenome,train_5159_a_1,128,8,2,0,0,0,0,/data/ProveTok_ACM/outputs/5k_ablation/A1_trained_spatial/cases/radgenome/train_5159_a_1/trace.jsonl
radgenome,valid_813_a_1,128,8,1,0,0,0,0,/data/ProveTok_ACM/outputs/5k_ablation/A1_trained_spatial/cases/radgenome/valid_813_a_1/trace.jsonl
radgenome,train_6061_a_1,128,8,0,0,0,0,0,/data/ProveTok_ACM/outputs/5k_ablation/A1_trained_spatial/cases/radgenome/train_6061_a_1/trace.jsonl
radgenome,train_19503_a_1,128,8,1,0,0,0,0,/data/ProveTok_ACM/outputs/5k_ablation/A1_trained_spatial/cases/radgenome/train_19503_a_1/trace.jsonl
radgenome,train_11062_a_1,128,8,0,0,0,0,0,/data/ProveTok_ACM/outputs/5k_ablation/A1_trained_spatial/cases/radgenome/train_11062_a_1/trace.jsonl
radgenome,train_4795_d_1,128,8,0,0,0,0,0,/data/ProveTok_ACM/outputs/5k_ablation/A1_trained_spatial/cases/radgenome/train_4795_d_1/trace.jsonl
radgenome,valid_1075_a_1,128,8,1,0,0,0,0,/data/ProveTok_ACM/outputs/5k_ablation/A1_trained_spatial/cases/radgenome/valid_1075_a_1/trace.jsonl
radgenome,valid_914_a_1,128,8,0,0,0,0,0,/data/ProveTok_ACM/outputs/5k_ablation/A1_trained_spatial/cases/radgenome/valid_914_a_1/trace.jsonl
radgenome,train_3986_a_1,128,8,2,0,0,0,0,/data/ProveTok_ACM/outputs/5k_ablation/A1_trained_spatial/cases/radgenome/train_3986_a_1/trace.jsonl
radgenome,train_12905_a_1,128,8,1,0,0,0,0,/data/ProveTok_ACM/outputs/5k_ablation/A1_trained_spatial/cases/radgenome/train_12905_a_1/trace.jsonl
radgenome,train_10287_a_1,128,8,2,0,0,0,0,/data/ProveTok_ACM/outputs/5k_ablation/A1_trained_spatial/cases/radgenome/train_10287_a_1/trace.jsonl
radgenome,train_12640_a_1,128,8,0,0,0,0,0,/data/ProveTok_ACM/outputs/5k_ablation/A1_trained_spatial/cases/radgenome/train_12640_a_1/trace.jsonl
radgenome,valid_1275_a_1,128,8,0,0,0,0,0,/data/ProveTok_ACM/outputs/5k_ablation/A1_trained_spatial/cases/radgenome/valid_1275_a_1/trace.jsonl
radgenome,train_8770_a_1,128,8,1,0,0,0,0,/data/ProveTok_ACM/outputs/5k_ablation/A1_trained_spatial/cases/radgenome/train_8770_a_1/trace.jsonl
radgenome,train_16361_b_1,128,8,0,0,0,0,0,/data/ProveTok_ACM/outputs/5k_ablation/A1_trained_spatial/cases/radgenome/train_16361_b_1/trace.jsonl
radgenome,train_359_a_1,128,8,2,0,0,0,0,/data/ProveTok_ACM/outputs/5k_ablation/A1_trained_spatial/cases/radgenome/train_359_a_1/trace.jsonl
radgenome,train_15233_a_1,128,8,3,0,0,0,0,/data/ProveTok_ACM/outputs/5k_ablation/A1_trained_spatial/cases/radgenome/train_15233_a_1/trace.jsonl
radgenome,train_104_a_1,128,8,0,0,0,0,0,/data/ProveTok_ACM/outputs/5k_ablation/A1_trained_spatial/cases/radgenome/train_104_a_1/trace.jsonl
radgenome,train_10094_c_1,128,8,1,0,0,0,0,/data/ProveTok_ACM/outputs/5k_ablation/A1_trained_spatial/cases/radgenome/train_10094_c_1/trace.jsonl
radgenome,train_12186_a_1,128,8,0,0,0,0,0,/data/ProveTok_ACM/outputs/5k_ablation/A1_trained_spatial/cases/radgenome/train_12186_a_1/trace.jsonl
radgenome,train_14088_a_1,128,8,1,0,0,0,0,/data/ProveTok_ACM/outputs/5k_ablation/A1_trained_spatial/cases/radgenome/train_14088_a_1/trace.jsonl
radgenome,train_8114_a_1,128,8,0,0,0,0,0,/data/ProveTok_ACM/outputs/5k_ablation/A1_trained_spatial/cases/radgenome/train_8114_a_1/trace.jsonl
radgenome,train_7325_a_1,128,8,0,0,0,0,0,/data/ProveTok_ACM/outputs/5k_ablation/A1_trained_spatial/cases/radgenome/train_7325_a_1/trace.jsonl
radgenome,train_11138_a_1,128,8,0,0,0,0,0,/data/ProveTok_ACM/outputs/5k_ablation/A1_trained_spatial/cases/radgenome/train_11138_a_1/trace.jsonl
radgenome,train_10649_a_1,128,8,0,0,0,0,0,/data/ProveTok_ACM/outputs/5k_ablation/A1_trained_spatial/cases/radgenome/train_10649_a_1/trace.jsonl
radgenome,valid_478_a_1,128,8,0,0,0,0,0,/data/ProveTok_ACM/outputs/5k_ablation/A1_trained_spatial/cases/radgenome/valid_478_a_1/trace.jsonl
radgenome,train_14923_a_1,128,8,1,0,0,0,0,/data/ProveTok_ACM/outputs/5k_ablation/A1_trained_spatial/cases/radgenome/train_14923_a_1/trace.jsonl
radgenome,train_12200_a_1,128,8,0,0,0,0,0,/data/ProveTok_ACM/outputs/5k_ablation/A1_trained_spatial/cases/radgenome/train_12200_a_1/trace.jsonl
radgenome,train_13099_c_1,128,8,0,0,0,0,0,/data/ProveTok_ACM/outputs/5k_ablation/A1_trained_spatial/cases/radgenome/train_13099_c_1/trace.jsonl
radgenome,train_7527_a_1,128,8,0,0,0,0,0,/data/ProveTok_ACM/outputs/5k_ablation/A1_trained_spatial/cases/radgenome/train_7527_a_1/trace.jsonl
radgenome,train_8121_a_1,128,8,1,0,0,0,0,/data/ProveTok_ACM/outputs/5k_ablation/A1_trained_spatial/cases/radgenome/train_8121_a_1/trace.jsonl
radgenome,train_11073_h_1,128,8,0,0,0,0,0,/data/ProveTok_ACM/outputs/5k_ablation/A1_trained_spatial/cases/radgenome/train_11073_h_1/trace.jsonl
radgenome,train_12477_a_1,128,8,0,0,0,0,0,/data/ProveTok_ACM/outputs/5k_ablation/A1_trained_spatial/cases/radgenome/train_12477_a_1/trace.jsonl
radgenome,train_4868_a_1,128,8,1,0,0,0,0,/data/ProveTok_ACM/outputs/5k_ablation/A1_trained_spatial/cases/radgenome/train_4868_a_1/trace.jsonl
radgenome,valid_66_a_1,128,8,1,0,0,0,0,/data/ProveTok_ACM/outputs/5k_ablation/A1_trained_spatial/cases/radgenome/valid_66_a_1/trace.jsonl
radgenome,train_16137_a_1,128,8,2,0,0,0,0,/data/ProveTok_ACM/outputs/5k_ablation/A1_trained_spatial/cases/radgenome/train_16137_a_1/trace.jsonl
radgenome,valid_787_a_1,128,8,0,0,0,0,0,/data/ProveTok_ACM/outputs/5k_ablation/A1_trained_spatial/cases/radgenome/valid_787_a_1/trace.jsonl
radgenome,train_19436_a_1,128,8,2,0,0,0,0,/data/ProveTok_ACM/outputs/5k_ablation/A1_trained_spatial/cases/radgenome/train_19436_a_1/trace.jsonl
radgenome,train_16020_a_1,128,8,0,0,0,0,0,/data/ProveTok_ACM/outputs/5k_ablation/A1_trained_spatial/cases/radgenome/train_16020_a_1/trace.jsonl
radgenome,train_8387_a_1,128,8,0,0,0,0,0,/data/ProveTok_ACM/outputs/5k_ablation/A1_trained_spatial/cases/radgenome/train_8387_a_1/trace.jsonl
radgenome,train_10215_a_1,128,8,1,0,0,0,0,/data/ProveTok_ACM/outputs/5k_ablation/A1_trained_spatial/cases/radgenome/train_10215_a_1/trace.jsonl
radgenome,train_4404_a_1,128,8,0,0,0,0,0,/data/ProveTok_ACM/outputs/5k_ablation/A1_trained_spatial/cases/radgenome/train_4404_a_1/trace.jsonl
radgenome,train_15859_a_1,128,8,2,0,0,0,0,/data/ProveTok_ACM/outputs/5k_ablation/A1_trained_spatial/cases/radgenome/train_15859_a_1/trace.jsonl
radgenome,train_3904_b_1,128,8,0,0,0,0,0,/data/ProveTok_ACM/outputs/5k_ablation/A1_trained_spatial/cases/radgenome/train_3904_b_1/trace.jsonl
radgenome,train_7415_a_1,128,8,0,0,0,0,0,/data/ProveTok_ACM/outputs/5k_ablation/A1_trained_spatial/cases/radgenome/train_7415_a_1/trace.jsonl
radgenome,train_76_a_1,128,8,1,0,0,0,0,/data/ProveTok_ACM/outputs/5k_ablation/A1_trained_spatial/cases/radgenome/train_76_a_1/trace.jsonl
radgenome,train_6843_a_1,128,8,0,0,0,0,0,/data/ProveTok_ACM/outputs/5k_ablation/A1_trained_spatial/cases/radgenome/train_6843_a_1/trace.jsonl
radgenome,train_11023_b_1,128,8,0,0,0,0,0,/data/ProveTok_ACM/outputs/5k_ablation/A1_trained_spatial/cases/radgenome/train_11023_b_1/trace.jsonl
radgenome,train_17019_a_1,128,8,2,0,0,0,0,/data/ProveTok_ACM/outputs/5k_ablation/A1_trained_spatial/cases/radgenome/train_17019_a_1/trace.jsonl
radgenome,train_17139_b_1,128,8,0,0,0,0,0,/data/ProveTok_ACM/outputs/5k_ablation/A1_trained_spatial/cases/radgenome/train_17139_b_1/trace.jsonl
radgenome,train_18715_a_1,128,8,0,0,0,0,0,/data/ProveTok_ACM/outputs/5k_ablation/A1_trained_spatial/cases/radgenome/train_18715_a_1/trace.jsonl
radgenome,train_6423_a_1,128,8,0,0,0,0,0,/data/ProveTok_ACM/outputs/5k_ablation/A1_trained_spatial/cases/radgenome/train_6423_a_1/trace.jsonl
radgenome,train_5490_a_1,128,8,1,0,0,0,0,/data/ProveTok_ACM/outputs/5k_ablation/A1_trained_spatial/cases/radgenome/train_5490_a_1/trace.jsonl
radgenome,train_18607_a_1,128,8,0,0,0,0,0,/data/ProveTok_ACM/outputs/5k_ablation/A1_trained_spatial/cases/radgenome/train_18607_a_1/trace.jsonl
radgenome,train_1226_b_1,128,8,2,0,0,0,0,/data/ProveTok_ACM/outputs/5k_ablation/A1_trained_spatial/cases/radgenome/train_1226_b_1/trace.jsonl
radgenome,train_12694_a_1,128,8,1,0,0,0,0,/data/ProveTok_ACM/outputs/5k_ablation/A1_trained_spatial/cases/radgenome/train_12694_a_1/trace.jsonl
radgenome,train_5866_a_1,128,8,0,0,0,0,0,/data/ProveTok_ACM/outputs/5k_ablation/A1_trained_spatial/cases/radgenome/train_5866_a_1/trace.jsonl
radgenome,train_9626_a_1,128,8,1,0,0,0,0,/data/ProveTok_ACM/outputs/5k_ablation/A1_trained_spatial/cases/radgenome/train_9626_a_1/trace.jsonl
radgenome,train_16094_a_1,128,8,0,0,0,0,0,/data/ProveTok_ACM/outputs/5k_ablation/A1_trained_spatial/cases/radgenome/train_16094_a_1/trace.jsonl
radgenome,train_15079_b_1,128,8,0,0,0,0,0,/data/ProveTok_ACM/outputs/5k_ablation/A1_trained_spatial/cases/radgenome/train_15079_b_1/trace.jsonl
radgenome,train_9522_a_1,128,8,0,0,0,0,0,/data/ProveTok_ACM/outputs/5k_ablation/A1_trained_spatial/cases/radgenome/train_9522_a_1/trace.jsonl
radgenome,train_1540_b_1,128,8,0,0,0,0,0,/data/ProveTok_ACM/outputs/5k_ablation/A1_trained_spatial/cases/radgenome/train_1540_b_1/trace.jsonl
radgenome,train_2722_a_1,128,8,1,0,0,0,0,/data/ProveTok_ACM/outputs/5k_ablation/A1_trained_spatial/cases/radgenome/train_2722_a_1/trace.jsonl
radgenome,train_6738_a_1,128,8,0,0,0,0,0,/data/ProveTok_ACM/outputs/5k_ablation/A1_trained_spatial/cases/radgenome/train_6738_a_1/trace.jsonl
radgenome,train_12874_a_1,128,8,1,0,0,0,0,/data/ProveTok_ACM/outputs/5k_ablation/A1_trained_spatial/cases/radgenome/train_12874_a_1/trace.jsonl
radgenome,train_12981_a_1,128,8,0,0,0,0,0,/data/ProveTok_ACM/outputs/5k_ablation/A1_trained_spatial/cases/radgenome/train_12981_a_1/trace.jsonl
radgenome,train_1376_a_1,128,8,1,0,0,0,0,/data/ProveTok_ACM/outputs/5k_ablation/A1_trained_spatial/cases/radgenome/train_1376_a_1/trace.jsonl
radgenome,train_6012_a_1,128,8,0,0,0,0,0,/data/ProveTok_ACM/outputs/5k_ablation/A1_trained_spatial/cases/radgenome/train_6012_a_1/trace.jsonl
radgenome,train_5516_a_1,128,8,1,0,0,0,0,/data/ProveTok_ACM/outputs/5k_ablation/A1_trained_spatial/cases/radgenome/train_5516_a_1/trace.jsonl
radgenome,valid_817_a_1,128,8,0,0,0,0,0,/data/ProveTok_ACM/outputs/5k_ablation/A1_trained_spatial/cases/radgenome/valid_817_a_1/trace.jsonl
radgenome,train_16028_b_1,128,8,0,0,0,0,0,/data/ProveTok_ACM/outputs/5k_ablation/A1_trained_spatial/cases/radgenome/train_16028_b_1/trace.jsonl
radgenome,train_1732_a_1,128,8,0,0,0,0,0,/data/ProveTok_ACM/outputs/5k_ablation/A1_trained_spatial/cases/radgenome/train_1732_a_1/trace.jsonl
radgenome,train_19217_a_1,128,8,0,0,0,0,0,/data/ProveTok_ACM/outputs/5k_ablation/A1_trained_spatial/cases/radgenome/train_19217_a_1/trace.jsonl
radgenome,train_13790_a_1,128,8,1,0,0,0,0,/data/ProveTok_ACM/outputs/5k_ablation/A1_trained_spatial/cases/radgenome/train_13790_a_1/trace.jsonl
radgenome,train_7569_c_1,128,8,0,0,0,0,0,/data/ProveTok_ACM/outputs/5k_ablation/A1_trained_spatial/cases/radgenome/train_7569_c_1/trace.jsonl
radgenome,train_5239_a_1,128,8,0,0,0,0,0,/data/ProveTok_ACM/outputs/5k_ablation/A1_trained_spatial/cases/radgenome/train_5239_a_1/trace.jsonl
radgenome,train_3378_a_1,128,8,0,0,0,0,0,/data/ProveTok_ACM/outputs/5k_ablation/A1_trained_spatial/cases/radgenome/train_3378_a_1/trace.jsonl
radgenome,train_16976_a_1,128,8,0,0,0,0,0,/data/ProveTok_ACM/outputs/5k_ablation/A1_trained_spatial/cases/radgenome/train_16976_a_1/trace.jsonl
radgenome,train_18191_b_1,128,8,1,0,0,0,0,/data/ProveTok_ACM/outputs/5k_ablation/A1_trained_spatial/cases/radgenome/train_18191_b_1/trace.jsonl
radgenome,train_512_a_1,128,8,0,0,0,0,0,/data/ProveTok_ACM/outputs/5k_ablation/A1_trained_spatial/cases/radgenome/train_512_a_1/trace.jsonl
radgenome,train_2477_a_1,128,8,2,0,0,0,0,/data/ProveTok_ACM/outputs/5k_ablation/A1_trained_spatial/cases/radgenome/train_2477_a_1/trace.jsonl
radgenome,train_12754_a_1,128,8,1,0,0,0,0,/data/ProveTok_ACM/outputs/5k_ablation/A1_trained_spatial/cases/radgenome/train_12754_a_1/trace.jsonl
radgenome,train_5574_c_1,128,8,0,0,0,0,0,/data/ProveTok_ACM/outputs/5k_ablation/A1_trained_spatial/cases/radgenome/train_5574_c_1/trace.jsonl
radgenome,train_15250_b_1,128,8,0,0,0,0,0,/data/ProveTok_ACM/outputs/5k_ablation/A1_trained_spatial/cases/radgenome/train_15250_b_1/trace.jsonl
radgenome,train_5062_a_1,128,8,0,0,0,0,0,/data/ProveTok_ACM/outputs/5k_ablation/A1_trained_spatial/cases/radgenome/train_5062_a_1/trace.jsonl
radgenome,valid_274_a_1,128,8,0,0,0,0,0,/data/ProveTok_ACM/outputs/5k_ablation/A1_trained_spatial/cases/radgenome/valid_274_a_1/trace.jsonl
radgenome,train_11541_a_1,128,8,1,0,0,0,0,/data/ProveTok_ACM/outputs/5k_ablation/A1_trained_spatial/cases/radgenome/train_11541_a_1/trace.jsonl
radgenome,train_12537_g_1,128,8,1,0,0,0,0,/data/ProveTok_ACM/outputs/5k_ablation/A1_trained_spatial/cases/radgenome/train_12537_g_1/trace.jsonl
radgenome,train_7171_a_1,128,8,0,0,0,0,0,/data/ProveTok_ACM/outputs/5k_ablation/A1_trained_spatial/cases/radgenome/train_7171_a_1/trace.jsonl
radgenome,train_1224_a_1,128,8,2,0,0,0,0,/data/ProveTok_ACM/outputs/5k_ablation/A1_trained_spatial/cases/radgenome/train_1224_a_1/trace.jsonl
radgenome,train_18234_a_1,128,8,0,0,0,0,0,/data/ProveTok_ACM/outputs/5k_ablation/A1_trained_spatial/cases/radgenome/train_18234_a_1/trace.jsonl
radgenome,train_8455_a_1,128,8,0,0,0,0,0,/data/ProveTok_ACM/outputs/5k_ablation/A1_trained_spatial/cases/radgenome/train_8455_a_1/trace.jsonl
radgenome,train_7201_a_1,128,8,2,0,0,0,0,/data/ProveTok_ACM/outputs/5k_ablation/A1_trained_spatial/cases/radgenome/train_7201_a_1/trace.jsonl
radgenome,train_5174_a_1,128,8,0,0,0,0,0,/data/ProveTok_ACM/outputs/5k_ablation/A1_trained_spatial/cases/radgenome/train_5174_a_1/trace.jsonl
radgenome,train_6354_a_1,128,8,0,0,0,0,0,/data/ProveTok_ACM/outputs/5k_ablation/A1_trained_spatial/cases/radgenome/train_6354_a_1/trace.jsonl
radgenome,train_906_a_1,128,8,0,0,0,0,0,/data/ProveTok_ACM/outputs/5k_ablation/A1_trained_spatial/cases/radgenome/train_906_a_1/trace.jsonl
radgenome,train_11712_a_1,128,8,0,0,0,0,0,/data/ProveTok_ACM/outputs/5k_ablation/A1_trained_spatial/cases/radgenome/train_11712_a_1/trace.jsonl
radgenome,train_12464_a_1,128,8,0,0,0,0,0,/data/ProveTok_ACM/outputs/5k_ablation/A1_trained_spatial/cases/radgenome/train_12464_a_1/trace.jsonl
radgenome,train_16824_a_1,128,8,0,0,0,0,0,/data/ProveTok_ACM/outputs/5k_ablation/A1_trained_spatial/cases/radgenome/train_16824_a_1/trace.jsonl
radgenome,train_13507_a_1,128,8,0,0,0,0,0,/data/ProveTok_ACM/outputs/5k_ablation/A1_trained_spatial/cases/radgenome/train_13507_a_1/trace.jsonl
radgenome,valid_332_b_1,128,8,0,0,0,0,0,/data/ProveTok_ACM/outputs/5k_ablation/A1_trained_spatial/cases/radgenome/valid_332_b_1/trace.jsonl
radgenome,train_1352_a_1,128,8,2,0,0,0,0,/data/ProveTok_ACM/outputs/5k_ablation/A1_trained_spatial/cases/radgenome/train_1352_a_1/trace.jsonl
radgenome,valid_836_a_1,128,8,0,0,0,0,0,/data/ProveTok_ACM/outputs/5k_ablation/A1_trained_spatial/cases/radgenome/valid_836_a_1/trace.jsonl
radgenome,train_2142_a_1,128,8,1,0,0,0,0,/data/ProveTok_ACM/outputs/5k_ablation/A1_trained_spatial/cases/radgenome/train_2142_a_1/trace.jsonl
radgenome,train_3189_a_1,128,8,0,0,0,0,0,/data/ProveTok_ACM/outputs/5k_ablation/A1_trained_spatial/cases/radgenome/train_3189_a_1/trace.jsonl
radgenome,train_11808_a_1,128,8,1,0,0,0,0,/data/ProveTok_ACM/outputs/5k_ablation/A1_trained_spatial/cases/radgenome/train_11808_a_1/trace.jsonl
radgenome,train_16551_a_1,128,8,0,0,0,0,0,/data/ProveTok_ACM/outputs/5k_ablation/A1_trained_spatial/cases/radgenome/train_16551_a_1/trace.jsonl
radgenome,train_7010_b_1,128,8,0,0,0,0,0,/data/ProveTok_ACM/outputs/5k_ablation/A1_trained_spatial/cases/radgenome/train_7010_b_1/trace.jsonl
radgenome,train_879_a_1,128,8,0,0,0,0,0,/data/ProveTok_ACM/outputs/5k_ablation/A1_trained_spatial/cases/radgenome/train_879_a_1/trace.jsonl
radgenome,train_7397_a_1,128,8,0,0,0,0,0,/data/ProveTok_ACM/outputs/5k_ablation/A1_trained_spatial/cases/radgenome/train_7397_a_1/trace.jsonl
radgenome,train_4613_a_1,128,8,1,0,0,0,0,/data/ProveTok_ACM/outputs/5k_ablation/A1_trained_spatial/cases/radgenome/train_4613_a_1/trace.jsonl
radgenome,train_9856_a_1,128,8,0,0,0,0,0,/data/ProveTok_ACM/outputs/5k_ablation/A1_trained_spatial/cases/radgenome/train_9856_a_1/trace.jsonl
radgenome,train_13765_a_1,128,8,1,0,0,0,0,/data/ProveTok_ACM/outputs/5k_ablation/A1_trained_spatial/cases/radgenome/train_13765_a_1/trace.jsonl
radgenome,train_6417_a_1,128,8,0,0,0,0,0,/data/ProveTok_ACM/outputs/5k_ablation/A1_trained_spatial/cases/radgenome/train_6417_a_1/trace.jsonl
radgenome,train_8078_c_1,128,8,0,0,0,0,0,/data/ProveTok_ACM/outputs/5k_ablation/A1_trained_spatial/cases/radgenome/train_8078_c_1/trace.jsonl
radgenome,train_5942_a_1,128,8,0,0,0,0,0,/data/ProveTok_ACM/outputs/5k_ablation/A1_trained_spatial/cases/radgenome/train_5942_a_1/trace.jsonl
radgenome,train_17109_a_1,128,8,1,0,0,0,0,/data/ProveTok_ACM/outputs/5k_ablation/A1_trained_spatial/cases/radgenome/train_17109_a_1/trace.jsonl
radgenome,train_19379_a_1,128,8,0,0,0,0,0,/data/ProveTok_ACM/outputs/5k_ablation/A1_trained_spatial/cases/radgenome/train_19379_a_1/trace.jsonl
radgenome,valid_274_b_1,128,8,0,0,0,0,0,/data/ProveTok_ACM/outputs/5k_ablation/A1_trained_spatial/cases/radgenome/valid_274_b_1/trace.jsonl
radgenome,train_18278_a_1,128,8,1,0,0,0,0,/data/ProveTok_ACM/outputs/5k_ablation/A1_trained_spatial/cases/radgenome/train_18278_a_1/trace.jsonl
radgenome,train_8987_f_1,128,8,1,0,0,0,0,/data/ProveTok_ACM/outputs/5k_ablation/A1_trained_spatial/cases/radgenome/train_8987_f_1/trace.jsonl
radgenome,train_5884_a_1,128,8,0,0,0,0,0,/data/ProveTok_ACM/outputs/5k_ablation/A1_trained_spatial/cases/radgenome/train_5884_a_1/trace.jsonl
radgenome,train_9803_a_1,128,8,0,0,0,0,0,/data/ProveTok_ACM/outputs/5k_ablation/A1_trained_spatial/cases/radgenome/train_9803_a_1/trace.jsonl
radgenome,train_3078_a_1,128,8,0,0,0,0,0,/data/ProveTok_ACM/outputs/5k_ablation/A1_trained_spatial/cases/radgenome/train_3078_a_1/trace.jsonl
radgenome,train_17221_a_1,128,8,0,0,0,0,0,/data/ProveTok_ACM/outputs/5k_ablation/A1_trained_spatial/cases/radgenome/train_17221_a_1/trace.jsonl
radgenome,train_14199_a_1,128,8,0,0,0,0,0,/data/ProveTok_ACM/outputs/5k_ablation/A1_trained_spatial/cases/radgenome/train_14199_a_1/trace.jsonl
radgenome,train_4257_a_1,128,8,0,0,0,0,0,/data/ProveTok_ACM/outputs/5k_ablation/A1_trained_spatial/cases/radgenome/train_4257_a_1/trace.jsonl
radgenome,train_11203_a_1,128,8,0,0,0,0,0,/data/ProveTok_ACM/outputs/5k_ablation/A1_trained_spatial/cases/radgenome/train_11203_a_1/trace.jsonl
radgenome,train_11925_a_1,128,8,1,0,0,0,0,/data/ProveTok_ACM/outputs/5k_ablation/A1_trained_spatial/cases/radgenome/train_11925_a_1/trace.jsonl
radgenome,train_12813_a_1,128,8,0,0,0,0,0,/data/ProveTok_ACM/outputs/5k_ablation/A1_trained_spatial/cases/radgenome/train_12813_a_1/trace.jsonl
radgenome,train_15465_a_1,128,8,1,0,0,0,0,/data/ProveTok_ACM/outputs/5k_ablation/A1_trained_spatial/cases/radgenome/train_15465_a_1/trace.jsonl
radgenome,train_2467_c_1,128,8,0,0,0,0,0,/data/ProveTok_ACM/outputs/5k_ablation/A1_trained_spatial/cases/radgenome/train_2467_c_1/trace.jsonl
radgenome,train_7910_b_1,128,8,1,0,0,0,0,/data/ProveTok_ACM/outputs/5k_ablation/A1_trained_spatial/cases/radgenome/train_7910_b_1/trace.jsonl
radgenome,train_19743_b_1,128,8,0,0,0,0,0,/data/ProveTok_ACM/outputs/5k_ablation/A1_trained_spatial/cases/radgenome/train_19743_b_1/trace.jsonl
radgenome,train_12974_b_1,128,8,0,0,0,0,0,/data/ProveTok_ACM/outputs/5k_ablation/A1_trained_spatial/cases/radgenome/train_12974_b_1/trace.jsonl
radgenome,train_10895_a_1,128,8,0,0,0,0,0,/data/ProveTok_ACM/outputs/5k_ablation/A1_trained_spatial/cases/radgenome/train_10895_a_1/trace.jsonl
radgenome,train_19188_a_1,128,8,0,0,0,0,0,/data/ProveTok_ACM/outputs/5k_ablation/A1_trained_spatial/cases/radgenome/train_19188_a_1/trace.jsonl
radgenome,train_14859_a_1,128,8,0,0,0,0,0,/data/ProveTok_ACM/outputs/5k_ablation/A1_trained_spatial/cases/radgenome/train_14859_a_1/trace.jsonl
radgenome,train_14447_a_1,128,8,0,0,0,0,0,/data/ProveTok_ACM/outputs/5k_ablation/A1_trained_spatial/cases/radgenome/train_14447_a_1/trace.jsonl
radgenome,train_10812_a_1,128,8,1,0,0,0,0,/data/ProveTok_ACM/outputs/5k_ablation/A1_trained_spatial/cases/radgenome/train_10812_a_1/trace.jsonl
radgenome,train_11238_a_1,128,8,0,0,0,0,0,/data/ProveTok_ACM/outputs/5k_ablation/A1_trained_spatial/cases/radgenome/train_11238_a_1/trace.jsonl
radgenome,train_19402_b_1,128,8,0,0,0,0,0,/data/ProveTok_ACM/outputs/5k_ablation/A1_trained_spatial/cases/radgenome/train_19402_b_1/trace.jsonl
radgenome,train_4415_a_1,128,8,0,0,0,0,0,/data/ProveTok_ACM/outputs/5k_ablation/A1_trained_spatial/cases/radgenome/train_4415_a_1/trace.jsonl
radgenome,train_14871_a_1,128,8,1,0,0,0,0,/data/ProveTok_ACM/outputs/5k_ablation/A1_trained_spatial/cases/radgenome/train_14871_a_1/trace.jsonl
radgenome,train_12958_a_1,128,8,1,0,0,0,0,/data/ProveTok_ACM/outputs/5k_ablation/A1_trained_spatial/cases/radgenome/train_12958_a_1/trace.jsonl
radgenome,train_1478_a_1,128,8,1,0,0,0,0,/data/ProveTok_ACM/outputs/5k_ablation/A1_trained_spatial/cases/radgenome/train_1478_a_1/trace.jsonl
radgenome,train_19568_a_1,128,8,2,0,0,0,0,/data/ProveTok_ACM/outputs/5k_ablation/A1_trained_spatial/cases/radgenome/train_19568_a_1/trace.jsonl
radgenome,train_919_a_1,128,8,1,0,0,0,0,/data/ProveTok_ACM/outputs/5k_ablation/A1_trained_spatial/cases/radgenome/train_919_a_1/trace.jsonl
radgenome,train_321_a_1,128,8,0,0,0,0,0,/data/ProveTok_ACM/outputs/5k_ablation/A1_trained_spatial/cases/radgenome/train_321_a_1/trace.jsonl
radgenome,train_7192_a_1,128,8,0,0,0,0,0,/data/ProveTok_ACM/outputs/5k_ablation/A1_trained_spatial/cases/radgenome/train_7192_a_1/trace.jsonl
radgenome,train_192_a_1,128,8,1,0,0,0,0,/data/ProveTok_ACM/outputs/5k_ablation/A1_trained_spatial/cases/radgenome/train_192_a_1/trace.jsonl
radgenome,train_6389_a_1,128,8,0,0,0,0,0,/data/ProveTok_ACM/outputs/5k_ablation/A1_trained_spatial/cases/radgenome/train_6389_a_1/trace.jsonl
radgenome,train_8133_a_1,128,8,0,0,0,0,0,/data/ProveTok_ACM/outputs/5k_ablation/A1_trained_spatial/cases/radgenome/train_8133_a_1/trace.jsonl
radgenome,train_7130_a_1,128,8,0,0,0,0,0,/data/ProveTok_ACM/outputs/5k_ablation/A1_trained_spatial/cases/radgenome/train_7130_a_1/trace.jsonl
radgenome,train_2715_b_1,128,8,2,0,0,0,0,/data/ProveTok_ACM/outputs/5k_ablation/A1_trained_spatial/cases/radgenome/train_2715_b_1/trace.jsonl
radgenome,train_3838_a_1,128,8,1,0,0,0,0,/data/ProveTok_ACM/outputs/5k_ablation/A1_trained_spatial/cases/radgenome/train_3838_a_1/trace.jsonl
radgenome,train_2423_a_1,128,8,1,0,0,0,0,/data/ProveTok_ACM/outputs/5k_ablation/A1_trained_spatial/cases/radgenome/train_2423_a_1/trace.jsonl
radgenome,train_11774_b_1,128,8,0,0,0,0,0,/data/ProveTok_ACM/outputs/5k_ablation/A1_trained_spatial/cases/radgenome/train_11774_b_1/trace.jsonl
radgenome,train_2247_a_1,128,8,0,0,0,0,0,/data/ProveTok_ACM/outputs/5k_ablation/A1_trained_spatial/cases/radgenome/train_2247_a_1/trace.jsonl
radgenome,train_1472_a_1,128,8,0,0,0,0,0,/data/ProveTok_ACM/outputs/5k_ablation/A1_trained_spatial/cases/radgenome/train_1472_a_1/trace.jsonl
radgenome,train_11735_a_1,128,8,0,0,0,0,0,/data/ProveTok_ACM/outputs/5k_ablation/A1_trained_spatial/cases/radgenome/train_11735_a_1/trace.jsonl
radgenome,train_4587_a_1,128,8,0,0,0,0,0,/data/ProveTok_ACM/outputs/5k_ablation/A1_trained_spatial/cases/radgenome/train_4587_a_1/trace.jsonl
radgenome,train_2617_b_1,128,8,0,0,0,0,0,/data/ProveTok_ACM/outputs/5k_ablation/A1_trained_spatial/cases/radgenome/train_2617_b_1/trace.jsonl
radgenome,train_3762_a_1,128,8,0,0,0,0,0,/data/ProveTok_ACM/outputs/5k_ablation/A1_trained_spatial/cases/radgenome/train_3762_a_1/trace.jsonl
radgenome,train_250_a_1,128,8,0,0,0,0,0,/data/ProveTok_ACM/outputs/5k_ablation/A1_trained_spatial/cases/radgenome/train_250_a_1/trace.jsonl
radgenome,valid_987_a_1,128,8,1,0,0,0,0,/data/ProveTok_ACM/outputs/5k_ablation/A1_trained_spatial/cases/radgenome/valid_987_a_1/trace.jsonl
radgenome,train_121_a_1,128,8,1,0,0,0,0,/data/ProveTok_ACM/outputs/5k_ablation/A1_trained_spatial/cases/radgenome/train_121_a_1/trace.jsonl
radgenome,train_6240_a_1,128,8,1,0,0,0,0,/data/ProveTok_ACM/outputs/5k_ablation/A1_trained_spatial/cases/radgenome/train_6240_a_1/trace.jsonl
radgenome,train_19537_a_1,128,8,0,0,0,0,0,/data/ProveTok_ACM/outputs/5k_ablation/A1_trained_spatial/cases/radgenome/train_19537_a_1/trace.jsonl
radgenome,train_12126_a_1,128,8,2,0,0,0,0,/data/ProveTok_ACM/outputs/5k_ablation/A1_trained_spatial/cases/radgenome/train_12126_a_1/trace.jsonl
radgenome,train_3387_a_1,128,8,0,0,0,0,0,/data/ProveTok_ACM/outputs/5k_ablation/A1_trained_spatial/cases/radgenome/train_3387_a_1/trace.jsonl
radgenome,train_8173_a_1,128,8,0,0,0,0,0,/data/ProveTok_ACM/outputs/5k_ablation/A1_trained_spatial/cases/radgenome/train_8173_a_1/trace.jsonl
radgenome,train_4231_a_1,128,8,2,0,0,0,0,/data/ProveTok_ACM/outputs/5k_ablation/A1_trained_spatial/cases/radgenome/train_4231_a_1/trace.jsonl
radgenome,train_16285_a_1,128,8,1,0,0,0,0,/data/ProveTok_ACM/outputs/5k_ablation/A1_trained_spatial/cases/radgenome/train_16285_a_1/trace.jsonl
radgenome,train_11191_a_1,128,8,0,0,0,0,0,/data/ProveTok_ACM/outputs/5k_ablation/A1_trained_spatial/cases/radgenome/train_11191_a_1/trace.jsonl
radgenome,train_19529_a_1,128,8,0,0,0,0,0,/data/ProveTok_ACM/outputs/5k_ablation/A1_trained_spatial/cases/radgenome/train_19529_a_1/trace.jsonl
radgenome,train_15257_b_1,128,8,1,0,0,0,0,/data/ProveTok_ACM/outputs/5k_ablation/A1_trained_spatial/cases/radgenome/train_15257_b_1/trace.jsonl
radgenome,train_17754_a_1,128,8,0,0,0,0,0,/data/ProveTok_ACM/outputs/5k_ablation/A1_trained_spatial/cases/radgenome/train_17754_a_1/trace.jsonl
